Date,CRUDE_DUBAI,NGAS_US,COCOA,COFFEE_ARABIC,TEA_AVG,COCONUT_OIL,PALM_OIL,BEEF,SUGAR_EU,ALUMINUM,IRON_ORE,COPPER,LEAD,Tin,NICKEL,Zinc,GOLD,PLATINUM,SILVER,RICE_05,ORANGE,TOBAC_US
1960M01,1.63,0.14,0.63,0.94,1.03,390,233,0.71,0.12,511.47,11.42,715.4,206.1,2180.4,1631,260.8,35.27,83.5,0.91,104.45,0.12,1736.87
1960M02,1.63,0.14,0.61,0.95,1.03,379,229,0.71,0.12,511.47,11.42,728.19,203.7,2180.4,1631,244.9,35.27,83.5,0.91,103.54,0.11,1736.87
1960M03,1.63,0.14,0.58,0.93,1.03,361,225,0.77,0.12,511.47,11.42,684.94,210.3,2173.8,1631,248.7,35.27,83.5,0.91,103.79,0.13,1736.87
1960M04,1.63,0.14,0.6,0.93,1.03,338,225,0.84,0.12,511.47,11.42,723.11,213.6,2178.2,1631,254.6,35.27,83.5,0.91,100.97,0.14,1736.87
1960M05,1.63,0.14,0.6,0.92,1.03,321,225,0.76,0.12,511.47,11.42,684.75,213.4,2162.7,1631,253.8,35.27,83.5,0.91,102.15,0.14,1736.87
1960M06,1.63,0.14,0.59,0.91,1.03,287,219,0.71,0.12,511.47,11.42,691.59,202.4,2184.8,1631,249.8,35.27,83.5,0.91,103.13,0.14,1736.87
1960M07,1.63,0.14,0.6,0.92,1.03,298,221,0.75,0.12,511.47,11.42,702.39,196.2,2248.7,1631,248.7,35.27,83.5,0.91,102.05,0.13,1736.87
1960M08,1.63,0.14,0.59,0.93,1.03,292,225,0.78,0.12,511.47,11.42,675.94,195.3,2204.6,1631,241,35.27,83.5,0.91,109.71,0.13,1736.87
1960M09,1.63,0.14,0.58,0.92,1.03,276,224,0.81,0.12,511.47,11.42,647.06,192.7,2226.7,1631,240.1,35.27,83.5,0.91,116.1,0.13,1736.87
1960M10,1.63,0.14,0.59,0.92,1.03,280,222,0.71,0.12,511.47,11.42,612.66,185.2,2226.7,1631,242.3,35.27,83.5,0.91,115.21,0.13,1736.87
1960M11,1.63,0.14,0.57,0.91,1.03,274,222,0.63,0.12,511.47,11.42,642.13,188.1,2204.6,1631,241.4,35.27,83.5,0.91,114.43,0.15,1736.87
1960M12,1.63,0.14,0.52,0.9,1.03,252,223,0.67,0.12,511.47,11.42,636.91,179.2,2189.2,1631,228.2,35.27,83.5,0.91,112.66,0.12,1736.87
1961M01,1.57,0.15,0.49,0.91,0.95,269,223,0.64,0.12,511.47,11.02,606.71,175.9,2162.7,1711,218,35.25,83.5,0.91,113.47,0.11,1563.19
1961M02,1.57,0.15,0.49,0.92,0.95,281,228,0.64,0.12,511.47,11.02,616.63,179.9,2187,1711,228.2,35.25,83.5,0.91,109.52,0.11,1563.19
1961M03,1.57,0.15,0.46,0.91,0.95,276,231,0.78,0.12,511.47,11.02,621.26,181.7,2248.7,1711,233.2,35.25,83.5,0.91,117.65,0.12,1563.19
1961M04,1.57,0.15,0.44,0.9,0.95,269,233,0.71,0.12,511.47,11.02,631.84,185,2308.2,1711,231.3,35.25,83.5,0.91,115.17,0.13,1563.19
1961M05,1.57,0.15,0.48,0.89,0.95,258,234,0.64,0.12,511.47,11.02,668.44,183.6,2376.6,1711,227.1,35.25,83.5,0.91,119.42,0.13,1563.19
1961M06,1.57,0.15,0.49,0.89,0.95,243,233,0.68,0.12,511.47,11.02,652.12,178.4,2467,1711,217.8,35.25,83.5,0.91,121.4,0.19,1563.19
1961M07,1.57,0.15,0.48,0.89,0.95,245,229,0.67,0.12,511.47,11.02,633.39,178.8,2519.9,1711,214.7,35.25,83.5,0.91,123.41,0.13,1563.19
1961M08,1.57,0.15,0.48,0.89,0.95,248,226,0.69,0.12,511.47,11.02,636.47,178.4,2605.9,1711,210.8,35.25,83.5,0.91,119.63,0.13,1563.19
1961M09,1.57,0.15,0.47,0.89,0.95,243,226,0.71,0.12,511.47,11.02,632.72,176.4,2630.1,1711,203.7,35.25,83.5,0.91,118.99,0.13,1563.19
1961M10,1.57,0.15,0.46,0.89,0.95,236,226,0.67,0.12,511.47,11.02,630.3,172.5,2605.9,1711,198.2,35.25,83.5,0.91,120.32,0.13,1563.19
1961M11,1.57,0.15,0.48,0.88,0.95,236,226,0.64,0.12,511.47,11.02,632.28,166.4,2667.6,1711,191.8,35.25,83.5,0.92,128.32,0.16,1563.19
1961M12,1.57,0.15,0.54,0.88,0.95,237,226,0.72,0.12,511.47,11.02,634.85,166.7,2619.1,1711,196.9,35.25,83.5,1.03,120.1,0.11,1563.19
1962M01,1.52,0.16,0.46,0.88,0.97,246.9,235.89,0.76,0.13,511.47,11.01,635.37,162.9,2610.3,1761,193.6,35.23,83.5,1.04,117.79,0.1,1404.9
1962M02,1.52,0.16,0.49,0.88,0.97,248.6,237,0.76,0.13,504.86,11.01,647.94,161.9,2623.5,1761,189.6,35.23,83.5,1.02,119.18,0.1,1404.9
1962M03,1.52,0.16,0.44,0.86,0.97,250.8,223.22,0.71,0.13,496.04,11.01,647.5,167.1,2652.2,1761,191.4,35.23,83.5,1.02,123.75,0.11,1404.9
1962M04,1.52,0.16,0.46,0.85,0.97,260.7,220.46,0.65,0.13,496.04,11.01,645.95,166.7,2614.7,1761,191.4,35.23,83.5,1.02,130.84,0.1,1404.9
1962M05,1.52,0.16,0.47,0.83,0.97,253.3,219.08,0.73,0.13,496.04,11.01,645.73,164.9,2533.1,1761,188.5,35.23,83.5,1.02,149.14,0.1,1404.9
1962M06,1.52,0.16,0.47,0.8,0.97,239.5,216.33,0.79,0.13,496.04,11.01,645.51,159,2414.1,1761,184.7,35.23,83.5,1.02,144.11,0.1,1404.9
1962M07,1.52,0.16,0.46,0.81,0.97,240.3,212.75,0.76,0.13,496.04,11.01,645.51,148.4,2376.6,1761,182.1,35.23,83.5,1.04,144.22,0.11,1404.9
1962M08,1.52,0.16,0.46,0.82,0.97,244.7,209.16,0.75,0.13,496.04,11.01,645.51,140.7,2350.1,1761,178.1,35.23,83.5,1.08,142.92,0.11,1404.9
1962M09,1.52,0.16,0.45,0.83,0.97,246.6,205.3,0.8,0.13,496.04,11.01,645.51,143.1,2350.1,1761,176.6,35.23,83.5,1.15,140.64,0.11,1404.9
1962M10,1.52,0.16,0.44,0.81,0.97,253.5,196.76,0.68,0.13,496.04,11.01,645.95,146.2,2358.9,1761,181.9,35.23,83.5,1.21,142.95,0.11,1404.9
1962M11,1.52,0.16,0.44,0.81,0.97,257.4,208.06,0.59,0.13,496.04,11.01,645.51,149.7,2407.4,1761,188.5,35.23,83.5,1.19,142.5,0.14,1404.9
1962M12,1.52,0.16,0.45,0.82,0.97,272.3,210.82,0.6,0.13,496.04,11.01,645.73,152.8,2365.6,1761,184.7,35.23,83.5,1.2,121.07,0.1,1404.9
1963M01,1.5,0.16,0.5,0.83,0.95,278.9,217.71,0.57,0.13,496.04,11.02,645.51,149.4,2350.1,1741,186.3,35.09,83.5,1.24,121.77,0.08,1343.61
1963M02,1.5,0.16,0.54,0.8,0.95,272.5,217.71,0.56,0.13,496.04,11.02,645.51,150.6,2350.1,1742,191.6,35.09,83.5,1.26,123.35,0.08,1343.61
1963M03,1.5,0.16,0.53,0.81,0.95,272.5,217.71,0.56,0.13,496.04,11.02,645.51,153.7,2358.9,1742,197.5,35.09,83.5,1.27,123.28,0.08,1343.61
1963M04,1.5,0.16,0.56,0.81,0.95,278.3,217.71,0.65,0.13,496.04,11.02,645.73,159.4,2427.3,1741,204.4,35.09,78.5,1.27,122.38,0.1,1343.61
1963M05,1.5,0.16,0.61,0.8,0.95,279.7,217.71,0.69,0.13,496.04,11.02,645.51,167.1,2495.6,1742,209.4,35.09,78.5,1.28,123.17,0.11,1343.61
1963M06,1.5,0.16,0.56,0.8,0.95,282.5,219.91,0.69,0.13,496.04,11.02,645.73,179,2500,1742,209.2,35.09,78.5,1.28,128.13,0.12,1343.61
1963M07,1.5,0.16,0.52,0.81,0.95,286.3,221.84,0.76,0.13,496.04,11.02,645.51,179.5,2482.4,1741,204.8,35.09,78.5,1.29,130.63,0.09,1343.61
1963M08,1.5,0.16,0.52,0.8,0.95,291.8,224.6,0.83,0.13,496.04,11.02,645.51,184.7,2495.6,1742,210.3,35.09,78.95,1.29,129.86,0.09,1343.61
1963M09,1.5,0.16,0.55,0.8,0.95,297.6,224.6,0.7,0.13,496.04,11.02,645.51,187,2572.8,1742,211.2,35.09,80.75,1.29,130.29,0.09,1343.61
1963M10,1.5,0.16,0.58,0.8,0.95,303.7,227.35,0.67,0.13,507.06,11.02,645.51,192,2590.4,1741,220.9,35.09,80.5,1.29,128.72,0.09,1343.61
1963M11,1.5,0.16,0.57,0.81,0.95,303.4,230.11,0.63,0.13,507.06,11.02,645.73,190.5,2687.4,1742,231.5,35.09,82.97,1.29,124.84,0.09,1343.61
1963M12,1.5,0.16,0.57,0.8,0.95,288.8,231.76,0.69,0.13,507.06,11.02,650.14,204.8,2782.2,1742,261,35.09,83.5,1.29,121.54,0.08,1343.61
1964M01,1.45,0.15,0.55,0.93,0.93,286.9,232.86,0.73,0.13,507.06,10.24,655.65,217.6,2872.6,1741,264.1,35.1,88.27,1.29,124.01,0.08,1488.3
1964M02,1.45,0.15,0.51,0.94,0.93,271.4,232.59,0.79,0.13,507.06,10.24,693.79,223.1,3060,1742,270.5,35.1,88.5,1.29,119.06,0.08,1488.3
1964M03,1.45,0.15,0.51,1.04,0.93,280.5,232.86,0.82,0.13,524.7,10.24,745.16,223.8,2958.6,1742,277.1,35.1,88.5,1.29,115.11,0.09,1488.3
1964M04,1.45,0.15,0.48,1,0.93,280.3,232.86,0.83,0.13,529.11,10.24,861.56,226.8,2879.2,1741,298.7,35.1,88.5,1.29,116.89,0.09,1488.3
1964M05,1.45,0.15,0.48,1.02,0.93,282.5,232.86,0.87,0.13,529.11,10.24,828.28,243.8,2910.1,1742,343,35.1,88.5,1.29,117.02,0.08,1488.3
1964M06,1.45,0.15,0.5,1.01,0.93,294.9,233.96,0.86,0.13,529.11,10.24,808.43,246.3,3265,1742,357.1,35.1,88.5,1.29,119.18,0.09,1488.3
1964M07,1.45,0.15,0.51,1.02,0.93,303.7,235.34,0.94,0.13,529.11,10.24,854.95,270.9,3452.4,1741,385.1,35.1,88.5,1.29,122.61,0.08,1488.3
1964M08,1.45,0.15,0.5,1.05,0.93,303.1,235.62,0.9,0.13,529.11,10.24,999.33,300.9,3512,1742,345.2,35.1,88.5,1.29,122.92,0.08,1488.3
1964M09,1.45,0.15,0.51,1.04,0.93,302.6,237.55,0.82,0.13,529.11,10.24,1162.05,300.9,3933,1742,355.1,35.1,88.5,1.29,123.44,0.08,1488.3
1964M10,1.45,0.15,0.51,1.04,0.93,311.4,250.77,0.84,0.13,529.11,10.24,1358.27,331.8,4371.8,1741,334.4,35.1,88.5,1.29,121.48,0.08,1488.3
1964M11,1.45,0.15,0.52,1.03,0.93,314.4,254.91,0.84,0.13,529.11,10.24,1400.37,365.1,4105,1742,344.6,35.1,88.5,1.29,120.97,0.08,1488.3
1964M12,1.45,0.15,0.5,1.01,0.93,326,261.25,0.86,0.12,540.13,10.24,1269.2,383.6,3633.2,1742,343,35.1,88.5,1.29,119.08,0.09,1488.3
1965M01,1.42,0.16,0.47,1.01,1,337.6,266.21,0.85,0.12,540.13,10.24,1000.68,347.9,3456.8,1735,322.3,35.12,93,1.29,114.61,0.08,1265.41
1965M02,1.42,0.16,0.42,1.04,1,356.9,283.02,0.85,0.12,540.13,10.24,1179.91,389.6,3390.7,1735,320.3,35.12,98.5,1.29,115.94,0.08,1265.41
1965M03,1.42,0.16,0.35,0.99,1,356.9,292.11,0.85,0.12,540.13,10.24,1237.23,395.3,3584.7,1735,315.9,35.12,98.5,1.29,115.56,0.08,1265.41
1965M04,1.42,0.16,0.35,0.97,1,356.9,297.62,0.85,0.12,540.13,10.24,1348.34,353,3944.1,1735,315.9,35.12,98.5,1.29,113.29,0.09,1265.41
1965M05,1.42,0.16,0.33,0.96,1,356.9,303.13,0.84,0.12,540.13,15.3,1378.55,302,4215.2,1735,323.4,35.12,98.5,1.29,111.77,0.15,1265.41
1965M06,1.42,0.16,0.29,0.98,1,420.5,294.87,0.86,0.12,540.13,10.24,1308.88,278.7,4131.5,1735,314.4,35.12,98.5,1.29,110.88,0.11,1265.41
1965M07,1.42,0.16,0.26,0.98,1,372.6,279.99,0.88,0.12,540.13,10.24,1134.06,271.6,3966.1,1735,310.4,35.12,98.5,1.29,112.04,0.1,1265.41
1965M08,1.42,0.16,0.33,1,1,334.8,257.66,0.89,0.12,540.13,10.24,1209.9,272,4091.8,1735,303.6,35.12,98.5,1.29,116.92,0.1,1265.41
1965M09,1.42,0.16,0.36,1,1,312,246.64,0.91,0.12,540.13,10.24,1327.84,289.2,4208.6,1735,299.6,35.12,98.5,1.29,126.55,0.1,1265.41
1965M10,1.42,0.16,0.37,1.01,1,331,250.22,0.93,0.12,540.13,10.24,1401.92,306.9,4010.2,1735,307.8,35.12,98.5,1.29,126.65,0.1,1265.41
1965M11,1.42,0.16,0.4,1.03,1,334.8,250.22,0.91,0.12,540.13,10.24,1469.16,299.2,3820.6,1735,298.7,35.12,98.5,1.29,129.2,0.1,1265.41
1965M12,1.42,0.16,0.46,1.03,1,330.7,248.57,0.94,0.12,540.13,10.24,1517.66,300.7,3869.1,1735,302.7,35.12,98.5,1.29,132.06,0.09,1265.41
1966M01,1.36,0.16,0.47,1.01,0.96,355.5,246.92,0.97,0.13,540.13,9.52,1679.04,301.2,3926.4,1739,302.7,35.13,98.5,1.29,125.51,0.09,1581.22
1966M02,1.36,0.16,0.47,0.97,0.96,348.6,248.02,0.96,0.13,540.13,9.52,1874.37,291.5,3877.9,1739,299.8,35.13,98.5,1.29,124.79,0.07,1581.22
1966M03,1.36,0.16,0.49,0.95,0.96,338.4,245.26,1.07,0.13,540.13,9.52,1874.81,292.8,3772.1,1739,300.7,35.13,99.65,1.29,131.73,0.09,1581.22
1966M04,1.36,0.16,0.53,0.95,0.96,331.2,233.69,1.07,0.13,540.13,9.52,1907.44,280.4,3763.3,1739,278.7,35.13,100,1.29,143.04,0.09,1581.22
1966M05,1.36,0.16,0.51,0.95,0.96,330.7,225.7,1.04,0.13,540.13,9.52,1663.61,261.9,3688.3,1739,270,35.13,100,1.29,140.86,0.09,1581.22
1966M06,1.36,0.16,0.53,0.92,0.81,332.1,225.42,0.99,0.13,540.13,9.52,1695.79,259.3,3516.4,1739,272.1,35.13,100,1.29,144.45,0.08,1581.22
1966M07,1.36,0.16,0.58,0.92,0.81,330.4,235.34,0.97,0.13,540.13,9.52,1567.93,263.4,3514.2,1739,264.6,35.13,100,1.29,153.3,0.08,1581.22
1966M08,1.36,0.16,0.57,0.92,0.81,319.1,239.75,1,0.13,540.13,9.52,1195.34,242.5,3428.2,1739,264.6,35.13,100,1.29,150.39,0.08,1581.22
1966M09,1.36,0.16,0.5,0.9,0.81,317.2,239.75,1.05,0.13,540.13,9.52,1128.32,254.2,3377.5,1739,270.5,35.13,100,1.29,155.39,0.08,1581.22
1966M10,1.36,0.16,0.51,0.89,0.81,303.1,230.93,1.05,0.13,540.13,9.52,1275.37,233.7,3362,1739,276,35.13,100,1.29,164.26,0.08,1581.22
1966M11,1.36,0.16,0.5,0.89,0.81,277.8,225.97,1.03,0.13,540.13,9.52,1301.61,222.7,3320.2,1739,288.1,35.13,100,1.29,166.11,0.08,1581.22
1966M12,1.36,0.16,0.55,0.87,0.81,300.4,230.93,1.06,0.13,540.13,9.52,1214.53,224.2,3335.6,1739,285.5,35.13,100,1.29,142.6,0.08,1581.22
1967M01,1.33,0.16,0.57,0.85,0.84,310,234.24,1.08,0.13,540.13,8.86,1243.85,220.2,3302.5,1935.7,279.5,34.95,102.93,1.29,142.27,0.18,1299.43
1967M02,1.33,0.16,0.61,0.84,0.84,316.9,230.66,1.06,0.13,540.13,8.86,1220.48,221.8,3309.1,1935.7,282.2,34.95,110.5,1.29,151.45,0.15,1299.43
1967M03,1.33,0.16,0.6,0.82,0.84,314.2,223.22,1.04,0.13,540.13,8.86,1098.34,228.4,3318,1935.7,279.3,34.95,110.5,1.29,163.53,0.16,1299.43
1967M04,1.33,0.16,0.58,0.85,0.84,305.1,223.22,1.06,0.13,540.13,8.86,994.72,226.6,3351,1935.7,272.1,34.95,110.5,1.29,168.53,0.16,1299.43
1967M05,1.33,0.16,0.57,0.89,0.84,283.8,223.77,1.04,0.13,540.13,8.86,1036.17,226.2,3357.6,1935.7,275.1,34.95,110.5,1.3,175.8,0.15,1299.43
1967M06,1.33,0.16,0.58,0.91,0.84,319.7,229.28,1.04,0.13,540.13,8.86,1015.22,228.2,3366.5,1935.7,274.3,34.95,110.5,1.3,184.54,0.16,1299.43
1967M07,1.33,0.16,0.57,0.9,0.84,318.3,228.73,1.04,0.13,540.13,8.86,997.37,231.3,3362,1935.7,267.2,34.95,110.5,1.59,206.24,0.16,1299.43
1967M08,1.33,0.16,0.59,0.88,0.84,310,228.73,1.03,0.13,540.13,8.86,1044.55,232.3,3291.5,1935.7,268.7,34.95,110.5,1.75,207.22,0.16,1299.43
1967M09,1.33,0.16,0.62,0.86,0.84,324.9,225.15,1.04,0.13,540.13,8.86,1060.2,226.9,3267.2,1935.7,264.6,34.95,110.5,1.68,221.64,0.16,1299.43
1967M10,1.33,0.16,0.61,0.85,0.84,350.5,221.56,1.04,0.13,540.13,8.86,1138.47,225.7,3280.5,1935.7,263.9,34.95,110.5,1.79,224.12,0.16,1299.43
1967M11,1.33,0.16,0.64,0.87,0.84,376.2,217.98,1.01,0.13,540.13,8.86,1443.81,242.1,3298.1,1935.7,287,34.95,110.5,1.95,213.57,0.16,1299.43
1967M12,1.33,0.16,0.65,0.85,0.79,386.7,194.87,1.02,0.13,540.13,8.86,1324.09,222.4,3192.3,1935.7,266.1,34.95,115.05,2.06,213.57,0.17,1299.43
1968M01,1.32,0.16,0.65,0.87,0.75,398,191.33,1.03,0.11,540.13,8.77,1408.75,218,3126.2,2074.5,262.8,35.5,114,1.99,198.78,0.16,1253.81
1968M02,1.32,0.16,0.63,0.87,0.75,412.2,191.33,1.02,0.11,540.13,8.77,1719.82,227.5,3110.7,2074.5,259.7,36,111.5,1.85,207.03,0.17,1248.52
1968M03,1.32,0.16,0.62,0.88,0.75,423,191.33,1.03,0.11,540.13,8.77,1701.08,233.9,3112.9,2074.5,257.5,37,111.5,2.18,209.78,0.18,1234.74
1968M04,1.32,0.16,0.63,0.89,0.75,435.8,188.97,1.05,0.11,540.13,8.77,1255.09,235,3106.3,2074.5,258.2,37.86,111.5,2.2,197.01,0.18,1210.46
1968M05,1.32,0.16,0.62,0.88,0.75,439.8,186.13,1.08,0.11,540.13,8.77,1096.58,237.7,3084.3,2074.5,261.5,40.7,111.5,2.38,187.09,0.19,1200.88
1968M06,1.32,0.16,0.61,0.89,0.75,406.8,174.79,1.11,0.11,562.18,8.77,1136.7,238.5,3084.3,2074.5,262.1,41.14,111.5,2.46,179.34,0.16,1205.41
1968M07,1.32,0.16,0.63,0.88,0.75,377.9,172.43,1.1,0.11,562.18,8.77,1054.25,247.1,3075.4,2074.5,265.7,39.46,122.5,2.31,181.69,0.16,1173.9
1968M08,1.32,0.16,0.65,0.87,0.75,385.5,150.23,1.1,0.11,562.18,8.77,1056.45,250.2,3062.2,2074.5,269,39.19,122.5,2.19,177.69,0.16,1180.58
1968M09,1.32,0.16,0.77,0.85,0.75,375.6,141.73,1.16,0.11,562.18,8.77,1110.03,251.5,3071,2074.5,263,40.18,122.5,2.21,175.8,0.16,1228.75
1968M10,1.32,0.16,0.83,0.85,0.75,373.7,141.73,1.17,0.11,562.18,8.77,1079.82,247.8,3110.7,2074.5,262.1,39.21,122.5,1.97,163.72,0.16,1183.73
1968M11,1.32,0.16,0.97,0.85,0.75,376,143.14,1.1,0.11,562.18,8.77,1099.88,248.5,3320.2,2074.5,264.1,39.78,122.5,2.02,157.14,0.16,1167.22
1968M12,1.32,0.16,1.02,0.83,0.75,386.9,152.83,1.09,0.11,562.18,8.77,1184.98,250.2,3258.4,2074.5,269,41.08,122.5,1.96,159.89,0.18,1165.63
1969M01,1.27,0.17,0.94,0.83,0.73,398.7,158.26,1.09,0.11,573.2,9.84,1255.53,254.2,3227.6,2363.4,269.4,42.3,122.5,1.98,162.35,0.15,1135.81
1969M02,1.27,0.17,0.91,0.84,0.73,396.4,158.26,1.09,0.11,584.22,9.84,1285.29,258.4,3245.2,2363.4,267.4,42.6,122.5,1.84,160.48,0.15,1097.91
1969M03,1.27,0.17,0.9,0.83,0.73,388.1,179.52,1.13,0.11,584.22,9.84,1278.46,261.2,3243,2363.4,271.6,43.16,122.5,1.83,166.96,0.17,1098.65
1969M04,1.27,0.17,0.88,0.81,0.73,376.3,170.07,1.16,0.11,584.22,9.84,1388.03,268.3,3304.7,2363.4,272.7,43.31,122.5,1.78,165.2,0.18,1110.75
1969M05,1.27,0.17,0.81,0.81,0.73,353.1,166.29,1.24,0.11,584.22,9.84,1392.44,278.2,3355.4,2363.4,278.9,43.46,122.5,1.76,171.09,0.18,1114.63
1969M06,1.27,0.17,0.89,0.8,0.73,339,165.35,1.31,0.11,584.22,9.84,1483.04,285.5,3379.7,2363.4,281.3,41.44,122.5,1.65,178.75,0.18,1125.81
1969M07,1.27,0.17,0.93,0.78,0.73,326.9,161.8,1.3,0.11,584.22,9.84,1453.95,311.1,3439.2,2363.4,283.7,41.76,122.5,1.62,180.51,0.18,1149.61
1969M08,1.27,0.17,0.91,0.81,0.73,330.7,171.49,1.37,0.11,584.22,9.84,1606.73,315.9,3470.1,2363.4,293.9,41.09,122.5,1.65,171.58,0.18,1121.04
1969M09,1.27,0.17,0.9,0.9,0.73,332.6,180.94,1.32,0.11,584.22,9.84,1578.95,302.5,3470.1,2363.4,299.4,40.87,122.5,1.79,167.55,0.18,1096.94
1969M10,1.27,0.17,0.92,1.04,0.73,336.6,203.14,1.23,0.11,601.86,9.84,1554.48,293.7,3534,2363.4,298.9,40.44,122.75,1.87,167.36,0.18,1139.14
1969M11,1.27,0.17,0.93,1.02,0.73,357.4,203.14,1.21,0.11,606.27,9.84,1631.42,315.7,3642,2363.4,309.5,37.4,132.5,1.92,167.55,0.18,1096.38
1969M12,1.27,0.17,0.85,1.05,0.73,399.4,255.11,1.21,0.11,606.27,9.84,1699.76,334,3818.4,2363.4,310.2,35.17,132.5,1.81,161.07,0.16,1061.92
1970M01,1.21,0.17,0.68,1.14,0.84,405.8,255.34,1.3,0.11,606.27,9.84,1626.3,324.7,3842.7,2846.2,302.4,34.94,132.5,1.88,140.45,0.17,1078.11
1970M02,1.21,0.17,0.68,1.15,0.84,406.28,256.29,1.33,0.11,606.27,9.84,1657.2,341,3767.7,2846.2,298,34.99,132.5,1.9,133.38,0.17,1114.27
1970M03,1.21,0.17,0.68,1.17,0.84,406.28,258.88,1.35,0.11,606.27,9.84,1754,335.5,3796.4,2846.2,296,35.09,132.5,1.89,126.31,0.16,1111.53
1970M04,1.21,0.17,0.68,1.2,0.84,406.28,267.62,1.36,0.11,612.88,9.84,1741.6,321.2,3849.3,2846.2,293.4,35.62,132.5,1.85,121.59,0.16,1119.96
1970M05,1.21,0.17,0.68,1.22,0.84,399.19,278.73,1.33,0.11,617.29,9.84,1597.9,291.6,3736.8,2846.2,291.7,35.95,132.5,1.67,121.59,0.16,1074.77
1970M06,1.21,0.17,0.68,1.21,0.84,389.74,277.07,1.3,0.11,617.29,9.84,1458,308.2,3542.8,2846.2,293.2,35.42,132.5,1.64,123.95,0.16,1047.34
1970M07,1.21,0.17,0.68,1.21,0.84,389.74,261.01,1.29,0.11,617.29,9.84,1366.6,300.7,3498.7,2846.2,298.1,35.32,132.5,1.69,124.93,0.17,1065.43
1970M08,1.21,0.17,0.68,1.18,0.84,377.93,240.22,1.25,0.11,617.29,9.84,1266.5,285.4,3620,2846.2,298.1,35.38,132.5,1.8,128.08,0.17,1082.6
1970M09,1.21,0.17,0.68,1.16,0.84,381,226.29,1.28,0.11,617.29,9.84,1246.9,284.8,3646.4,2846.2,300,36.19,132.5,1.8,125.72,0.17,1071.75
1970M10,1.21,0.17,0.68,1.12,0.84,398.48,257.47,1.28,0.11,617.29,9.84,1142.4,285.2,3668.5,2846.2,296.5,37.52,132.5,1.75,124.44,0.17,1025.76
1970M11,1.21,0.17,0.68,1.03,0.84,401.56,269.99,1.27,0.11,617.29,9.84,1085.3,279.9,3615.6,2846.2,293.2,37.44,132.5,1.76,124.84,0.17,1057.02
1970M12,1.21,0.17,0.68,0.98,0.84,403.92,271.64,1.31,0.11,617.29,9.84,1045.7,276.7,3496.5,2846.2,289.2,37.44,132.5,1.63,120.42,0.19,1063.19
1971M01,1.64,0.18,0.54,1,0.78,409.82,273.29,1.34,0.11,617.29,10.33,1010,262.5,3465.7,2932.1,284.6,37.88,129,1.64,121.4,0.13,1045.91
1971M02,1.64,0.18,0.54,0.98,0.78,393.4,273.29,1.37,0.11,617.29,10.33,1020.2,266.1,3463.5,2932.1,272.1,38.74,122.5,1.6,105.1,0.15,1018.55
1971M03,1.64,0.18,0.54,1.01,0.76,401.56,278.02,1.38,0.11,617.29,10.33,1144.1,267.4,3527.4,2932.1,283.7,38.87,122.5,1.67,98.91,0.15,1020.68
1971M04,1.64,0.18,0.54,0.99,1.03,388.8,269.28,1.4,0.11,617.29,10.33,1251.5,268,3562.7,2932.1,283.5,39.01,122.5,1.73,95.67,0.17,1012.52
1971M05,1.64,0.18,0.54,1.02,0.91,359.04,242.82,1.4,0.11,617.29,10.33,1114.4,264.5,3520.8,2932.1,287.7,40.52,122.5,1.67,105.98,0.15,1038.8
1971M06,1.64,0.18,0.54,1,0.85,354.31,240.93,1.37,0.11,617.29,10.33,1074.2,273.3,3448,2932.1,308.6,40.1,122.5,1.61,109.22,0.15,1035.09
1971M07,1.74,0.18,0.54,0.99,0.91,351.01,263.37,1.35,0.11,617.29,10.33,1115.3,261.9,3456.8,2932.1,317.6,40.95,122.5,1.58,111.48,0.15,1011.61
1971M08,1.74,0.18,0.54,1.01,0.86,355.49,282.56,1.32,0.11,628.32,10.33,1097.9,258.3,3478.9,2932.1,322.5,42.71,122.5,1.59,113.35,0.15,1001.25
1971M09,1.74,0.18,0.54,0.96,0.85,356.72,272.24,1.3,0.12,639.34,10.33,1056.4,239.2,3525.2,2932.1,311.2,42.03,122.5,1.42,120.61,0.15,1042.75
1971M10,1.74,0.18,0.54,0.94,0.85,357.94,253.99,1.31,0.12,639.34,10.33,1041.2,229.5,3489.9,2932.1,336.6,42.5,122.5,1.34,121.69,0.15,1081.58
1971M11,1.74,0.18,0.54,0.97,0.82,358.23,247.82,1.29,0.12,641.54,10.33,1013.9,221.8,3534,2932.1,344.4,42.86,122.5,1.32,118.06,0.15,1102.4
1971M12,1.74,0.18,0.54,1.02,0.8,300,233.69,1.32,0.12,665.8,10.33,1037.9,231,3670.7,2932.1,358.9,43.48,122.5,1.39,116.98,0.16,1100.62
1972M01,1.77,0.19,0.64,0.99,0.79,300,218.34,1.39,0.15,670.2,10.33,1078,251.9,3626.6,3079.9,379.8,45.75,122.5,1.47,113.84,0.19,1106.83
1972M02,1.77,0.19,0.64,1,0.79,250,185.17,1.4,0.16,670.2,10.33,1112.4,294.3,3631,3079.9,389.7,48.26,122.5,1.5,112.56,0.19,1115.16
1972M03,1.77,0.19,0.64,1.02,0.8,210,216.68,1.45,0.16,670.2,10.33,1108.2,320.5,3789.7,3079.9,397.4,48.33,122.5,1.54,113.05,0.16,1088.67
1972M04,1.77,0.19,0.64,1.01,0.81,200,227.34,1.5,0.16,670.2,10.33,1133,315.9,3844.9,3079.9,395,49.03,122.5,1.57,111.58,0.15,1066.04
1972M05,1.77,0.19,0.64,1.04,0.86,220,227.51,1.51,0.16,599.66,10.33,1106.4,317.9,3765.5,3079.9,386.2,54.62,122.5,1.58,114.13,0.13,1060.87
1972M06,1.77,0.19,0.64,1.07,0.87,248.46,216.13,1.54,0.15,566.59,10.33,1063.2,311.9,3741.2,3079.9,371,62.09,122.5,1.57,118.35,0.13,1072.21
1972M07,1.87,0.19,0.64,1.24,0.79,222.41,214.6,1.51,0.15,537.93,10.33,1034.6,303.7,3732.4,3079.9,363.7,65.66,128,1.74,119.33,0.13,1062.48
1972M08,1.87,0.19,0.64,1.2,0.77,217.02,220.64,1.49,0.15,540.13,10.33,1046.7,297.8,3754.5,3079.9,363.5,67.03,132.5,1.85,135.55,0.13,1081.81
1972M09,1.87,0.19,0.64,1.17,0.76,226,224.87,1.46,0.15,537.93,10.33,1060.6,302.4,3803,3079.9,368.4,65.46,132.5,1.78,144.8,0.13,1062.84
1972M10,1.87,0.19,0.64,1.18,0.74,232,224.02,1.47,0.14,537.93,10.33,917.5,297.2,3758.9,3079.9,363.7,64.86,132.5,1.81,148.7,0.13,1061.76
1972M11,1.87,0.19,0.64,1.19,0.71,234.96,218.54,1.48,0.14,540.13,10.33,1007.1,298,3701.6,3079.9,378.9,62.91,132.5,1.83,156,0.13,1048.86
1972M12,1.87,0.19,0.64,1.22,0.71,247.87,213.26,1.57,0.14,540.13,10.33,1024.4,308.4,3730.2,3079.9,375,63.91,132.5,1.98,165.5,0.23,1056.18
1973M01,2.08,0.21,1.13,1.28,0.72,231,211.77,1.7,0.14,542.34,10.33,1119,318.3,3789.7,3373.1,387,65.14,132.5,2.02,160.88,0.15,1041.72
1973M02,2.08,0.21,1.13,1.45,0.73,299,258.66,1.87,0.15,557.77,10.33,1243.6,339.9,4027.8,3373.1,422,74.2,141.97,2.24,173.53,0.18,1039.48
1973M03,2.08,0.21,1.13,1.42,0.73,315,280.36,1.98,0.15,571,10.33,1509.5,372.1,4288,3373.1,474,84.37,152.5,2.31,185.87,0.18,1046.86
1973M04,2.35,0.21,1.13,1.29,0.8,360,290.2,1.85,0.15,571,10.33,1588.4,387.1,4270.3,3373.1,513,90.5,152.5,2.21,185.87,0.15,1066.55
1973M05,2.35,0.21,1.13,1.42,0.81,416,323.83,1.85,0.15,582.02,10.33,1552.2,396.4,4347.5,3373.1,549,101.96,152.5,2.4,185.87,0.15,1087.36
1973M06,2.35,0.21,1.13,1.41,0.84,457,371.41,1.8,0.15,601.86,10.33,1748.7,425.3,4530.5,3373.1,656,120.12,152.5,2.62,185.87,0.15,1116.3
1973M07,2.7,0.21,1.13,1.36,0.87,552,472.85,1.96,0.15,634.93,10.33,2021.2,469.8,4962.6,3373.1,842,120.17,152.5,2.71,332.53,0.15,1135.95
1973M08,2.7,0.21,1.13,1.33,0.85,573,536.33,2.46,0.15,619.5,10.33,2123,447.5,5004.5,3373.1,914,106.76,152.5,2.64,377.7,0.15,1150.06
1973M09,2.7,0.21,1.13,1.33,0.81,550,424.13,2.26,0.15,604.07,10.33,1936.1,444.7,5011.1,3373.1,976,102.97,155.24,2.68,377.7,0.15,1179.2
1973M10,4.1,0.21,1.13,1.38,0.79,617,434.92,2.18,0.15,621.7,10.33,2065.3,471.6,5359.4,3373.1,1163,100.08,160.5,2.89,337.7,0.15,1202.69
1973M11,4.1,0.21,1.13,1.39,0.76,718,429.29,2.14,0.14,650.36,10.33,2273,490,5573.3,3373.1,1625,94.92,160.5,2.86,475.9,0.15,1222.18
1973M12,4.1,0.21,1.13,1.42,0.74,1068,496.71,2.07,0.14,632.73,10.33,2244.3,593.5,6461.7,3373.1,1623,106.72,160.5,3.14,495.54,0.22,1247.9
1974M01,13,0.29,1.56,1.53,0.84,1191,578.77,2.04,0.18,604.07,13.38,2032.4,565.7,6503.6,3571.5,1330,129.19,162.68,3.64,512.23,0.14,1280.63
1974M02,13,0.29,1.56,1.65,0.87,1160,667.24,1.98,0.19,619.5,13.38,2291.7,649.2,7418.5,3571.5,1516,150.13,172.5,5.36,539.73,0.17,1310.72
1974M03,13,0.29,1.56,1.58,0.94,1266,632.88,1.74,0.19,687.84,13.38,2743.4,708.3,8218.8,3571.5,1630,168.42,172.5,5.33,570.17,0.17,1341.7
1974M04,10.6,0.29,1.56,1.55,1.15,1150,613.85,1.62,0.2,751.78,13.38,3031.8,702,9206.5,3571.5,1743,172.24,172.5,5.04,603.56,0.17,1401.16
1974M05,10.6,0.29,1.56,1.57,1.09,996,591.5,1.54,0.2,765,13.38,2875.7,668.7,9305.7,3571.5,1782,163.27,174.55,5.43,598.65,0.2,1427.35
1974M06,10.6,0.29,1.56,1.59,1.19,1039,603.31,1.45,0.2,756.18,13.38,2440,570.1,9041.1,3571.5,1410,154.1,195,4.9,570.42,0.2,1502.41
1974M07,10,0.29,1.56,1.52,1.31,1007,609.64,1.64,0.2,760.59,13.38,1919.1,548.5,8547.3,4079,1097,142.98,195,4.42,494.56,0.2,1530.14
1974M08,10,0.29,1.56,1.38,1.18,1053,727.84,1.61,0.19,848.78,13.38,1802.9,549.6,8787.6,4079,1066,154.64,195,4.43,496.52,0.2,1554.54
1974M09,10,0.29,1.56,1.2,1.12,826,706.65,1.4,0.32,837.76,13.38,1460.5,539.3,9166.8,4079,911,151.75,195,4.05,491.86,0.2,1576.75
1974M10,10.3,0.29,1.56,1.25,1.11,875,840.17,1.39,0.32,844.37,13.38,1398.8,537.3,7409.7,4079,825,158.78,195,4.83,478.36,0.2,1590.67
1974M11,10.3,0.29,1.56,1.31,1.13,748,767.53,1.32,0.32,842.16,13.38,1416.7,534.2,7403.1,4079,794,181.66,195,4.69,436.62,0.2,1624.69
1974M12,10.3,0.29,1.56,1.3,1.18,660,689.26,1.26,0.32,859.8,13.38,1289,534.2,7202.5,4079,771,183.78,195,4.39,413.3,0.17,1644.11
1975M01,10.42,0.43,1.25,1.23,1.14,548,589.4,1.15,0.6,895.08,17.3,1211.2,538.4,7676.5,4431,799,176.27,195,4.19,376.72,0.15,1677.78
1975M02,10.42,0.43,1.25,1.18,1.13,467,497.67,1.15,0.33,908.3,17.3,1266.5,541.2,7557.4,4431,794,179.6,180.53,4.37,381.38,0.17,1732.73
1975M03,10.42,0.43,1.25,1.1,1.1,450,478.26,1.14,0.33,917.12,17.3,1344.2,542.8,7383.3,4431,803,178.16,175,4.33,374.02,0.19,1809.61
1975M04,10.42,0.43,1.25,1.05,1.37,428,451.1,1.28,0.33,897.28,17.3,1329.2,479.5,7129.7,4431,783,169.84,163.06,4.21,377.7,0.27,1843.91
1975M05,10.42,0.43,1.25,1.12,1.17,355,391.74,1.37,0.33,903.89,17.3,1253.8,356.9,6898.3,4431,747,167.39,160,4.54,365.43,0.27,1859.52
1975M06,10.42,0.43,1.25,1.23,1.22,333,356,1.33,0.33,903.89,17.3,1193,353.4,6926.9,4431,751,164.24,160,4.49,324.92,0.27,1852.98
1975M07,10.43,0.43,1.25,1.45,1.23,372,401.98,1.35,0.32,864.21,17.3,1222.4,359.3,6810.1,4431,707,165.17,162.73,4.7,307.73,0.27,1864.54
1975M08,10.43,0.43,1.25,1.84,1.17,388,472.61,1.3,0.31,837.76,17.3,1277.1,383.6,6774.8,4431,737,163,175,4.93,323.69,0.27,1885.59
1975M09,10.43,0.43,1.25,1.78,1.11,368,412.35,1.42,0.3,826.73,17.3,1210.1,370,6558.7,4852,724,144.17,175,4.52,336.21,0.27,1879.64
1975M10,10.46,0.43,1.25,1.77,1.08,347,412.19,1.53,0.3,815.71,17.3,1178.8,344.6,6347.1,4852,706,142.79,172.17,4.33,332.53,0.27,1898.57
1975M11,10.46,0.43,1.25,1.71,1,327,378.8,1.47,0.3,813.5,17.3,1179.7,337.3,6281,4852,705,142.42,160,4.33,309.45,0.14,1893.61
1975M12,10.46,0.43,1.25,1.84,0.98,339,367.93,1.44,0.3,837.76,17.3,1151,333.1,6175.1,4852,686,139.3,160,4.08,287.36,0.18,1905.39
1976M01,11.51,0.54,1.4,2.05,1.1,332,353.88,1.49,0.3,853.19,22.72,1193,337,6241.3,4850,692,131.05,160,4.06,259.86,0.22,1977.71
1976M02,11.51,0.54,1.43,2.19,1.08,336,365.84,1.59,0.3,850.98,22.72,1219,348,6508,4850,690,131.06,160,4.09,233.35,0.22,2052.26
1976M03,11.51,0.54,1.42,2.2,1.07,349,375.79,1.71,0.29,815.71,22.72,1329,384,6902.7,4850,728,132.76,160,4.19,228.44,0.22,2110.01
1976M04,11.51,0.55,1.64,2.7,1.27,347,348.4,1.81,0.3,820.12,22.72,1510,454,7123.1,4850,789,127.94,160,4.36,226.47,0.22,2107.46
1976M05,11.51,0.55,1.77,2.99,1.14,355,344.8,1.78,0.3,824.53,22.72,1512,483,7449.4,4850,774,126.92,160,4.49,226.47,0.22,2174.43
1976M06,11.51,0.58,1.92,3.3,1.21,380,394.8,1.6,0.29,804.69,22.72,1550,476,7766.9,4850,750,125.71,163.54,4.81,222.84,0.22,2198.62
1976M07,11.6,0.58,1.96,3.03,1.26,455,450.5,1.53,0.29,903.89,22.72,1647,509,8496.6,4850,776,117.73,171.12,4.76,222.74,0.22,2212.95
1976M08,11.6,0.6,2.12,3.38,1.24,451,431,1.58,0.29,939.17,22.72,1539,483,8084.3,4850,741,109.93,156.15,4.28,223.53,0.22,2231.33
1976M09,11.6,0.6,2.39,3.51,1.21,484,456.5,1.56,0.3,996.49,22.72,1459,481,7960.9,4938,712,114.15,158.24,4.3,244.93,0.22,2280.46
1976M10,11.9,0.62,2.59,3.82,1.22,481,443.6,1.43,0.3,947.99,22.72,1285,465,7971.9,5313,639,116.15,157.9,4.22,250.04,0.22,2276.03
1976M11,11.9,0.63,2.93,4.03,1.21,499,456.5,1.41,0.3,947.99,22.72,1279,459,8121.8,5313,604,130.46,156.83,4.35,239.24,0.22,2292.7
1976M12,11.9,0.64,2.98,4.57,1.23,553,456.8,1.5,0.3,974.44,22.72,1287,478,8399.6,5313,642,133.93,151.99,4.36,238.26,0.22,2326.62
1977M01,12.5,0.67,3.45,4.83,1.6,546,462,1.58,0.3,1058.22,23.06,1396,560,9486.5,5313,692,132.26,154.55,4.42,239.53,0.25,2323.42
1977M02,12.5,0.71,3.82,5.41,1.89,576,507,1.64,0.3,1078.06,23.06,1426,648,10227.2,5313,703,136.24,161.27,4.53,235.11,0.25,2269.89
1977M03,12.5,0.75,4.03,6.71,2.19,735,598,1.62,0.3,1082.47,23.06,1515,703,10372.7,5313,719,148.23,162.99,4.87,242.48,0.25,2240.98
1977M04,12.45,0.77,3.59,7,2.88,793,647,1.55,0.3,1082.47,23.06,1429,648,9596.7,5187,655,149.17,160.74,4.79,232.56,0.25,2260.93
1977M05,12.45,0.77,3.78,6.29,2.2,718,659,1.5,0.31,1082.47,23.06,1371,661,9843.6,5282,611,146.61,156.55,4.7,237.67,0.25,2264.97
1977M06,12.45,0.82,4.25,5.78,2.09,620,619,1.46,0.31,1102.31,23.06,1312,567,9627.6,5313,542,140.78,150.36,4.48,244.64,0.25,2246.77
1977M07,12.63,0.83,4.36,4.85,2.05,513,520,1.42,0.31,1170.65,23.06,1248,562,10416.8,5313,542,143.39,149.57,4.53,251.22,0.25,2222.4
1977M08,12.63,0.82,3.97,4.4,1.93,451,493,1.39,0.31,1183.88,23.06,1160,551,11309.7,5313,520,144.94,148.86,4.47,254.95,0.25,2206.82
1977M09,12.63,0.83,3.85,4.18,1.81,463,459.5,1.41,0.31,1183.88,23.06,1195,582,11157.6,5313,518,149.53,150.33,4.54,254.95,0.25,2224.09
1977M10,12.68,0.84,3.69,3.77,1.77,479,450,1.46,0.31,1203.72,23.06,1210,615,12153.8,4586,511,158.95,157.62,4.76,256.91,0.25,2255.52
1977M11,12.68,0.83,3.48,4.35,1.54,505,444.8,1.46,0.32,1236.79,23.06,1182,633,12676.6,4586,525,162.1,169.67,4.83,274.1,0.25,2261.85
1977M12,12.68,0.84,3.19,4.47,1.5,539,501,1.58,0.33,1261.04,23.06,1261,686,12784.6,4586,538,160.45,177.35,4.72,302.58,0.25,2269.47
1978M01,12.66,0.87,2.98,4.55,1.36,541,514,1.72,0.33,1316.16,21.45,1261,664,12121,4586,518,173.18,201.73,4.92,317.31,0.27,2212.47
1978M02,12.66,0.88,2.83,4.36,1.4,561,558,1.91,0.34,1320.57,21.45,1217,582,12149.7,4586,478,178.14,224.41,4.96,341.07,0.25,2230.98
1978M03,12.66,0.89,3.38,3.86,1.36,650,598,2,0.34,1298.52,21.45,1254,582,11422.1,4586,507,183.61,226.78,5.27,373.77,0.28,2207
1978M04,12.68,0.88,3.44,3.94,1.79,600,603,2.24,0.34,1258.84,21.45,1285,573,11005.5,4696,553,175.28,214.09,5.17,388.5,0.3,2231.68
1978M05,12.7,0.91,3.14,3.74,1.36,596,624,2.25,0.33,1236.79,21.45,1303,545,11704.3,4696,562,176.31,232.73,5.13,386.54,0.3,2211.87
1978M06,12.73,0.91,2.99,3.71,1.35,646,654,1.99,0.34,1247.81,21.45,1333,570,12356.9,4645,578,183.75,244.96,5.33,381.14,0.31,2234.8
1978M07,12.77,0.89,3.16,2.95,1.43,644,622,1.95,0.35,1289.7,21.45,1337,582,12414.2,4586,584,188.73,245.64,5.36,362.23,0.31,2286.81
1978M08,12.79,0.91,3.36,3.05,1.4,657,585,2.03,0.36,1320.57,21.45,1426,639,12994.5,4586,618,206.3,267.35,5.54,344.31,0.31,2311.11
1978M09,12.8,0.92,3.75,3.42,1.36,777.5,615,2.24,0.36,1382.3,21.45,1442,693,13889.1,4586,634,212.08,269.34,5.59,347.01,0.31,2309.24
1978M10,12.85,0.92,3.83,3.4,1.41,805,623,2.35,0.38,1424.63,21.45,1506,830,15256,4586,713,227.44,331.83,5.94,338.42,0.31,2305.41
1978M11,13.2,0.93,4.03,3.22,1.37,835,604,2.42,0.37,1394.42,21.45,1481,824,15035.5,4586,695,206.2,328.51,5.87,294.23,0.32,2328.99
1978M12,14.5,0.96,3.95,2.89,1.33,886,604,2.57,0.37,1408.75,21.45,1533,859,14153.7,4586,687,207.85,340.44,5.94,273.36,0.34,2345.85
1979M01,15.95,1.02,3.66,2.83,1.31,966,636,2.8,0.38,1264.76,23.5,1659,992,13853.8,4586,720,227.28,358.47,6.2,278.52,0.33,2380.71
1979M02,19.5,1.05,3.5,2.71,1.28,981,694,2.93,0.38,1441.91,23.5,1944,1055,14526.2,4546,793,245.67,410.41,7.35,279.5,0.28,2364.48
1979M03,20.8,1.1,3.4,2.87,1.26,986,688,3.01,0.38,1541.69,23.5,2050,1177,15022.3,4819,795,242.05,397.76,7.42,293,0.31,2398.74
1979M04,21.2,1.11,3.25,3.06,2.07,1062,666,3.15,0.37,1569.19,23.5,2100,1161,15136.9,5379,789,239.11,391.16,7.44,295.46,0.37,2350.83
1979M05,34.25,1.15,3.36,3.3,1.44,1056,665,3.04,0.37,1576.08,23.5,1926,1239,15361.8,5968,778,257.59,430.39,8.38,296.78,0.41,2362.07
1979M06,32.85,1.17,3.48,4.26,1.33,1062,675,2.78,0.37,1596.56,23.5,1877.9,1382,16135.6,6519,754,279.07,430.29,8.56,303.31,0.49,2342.29
1979M07,32,1.2,3.25,4.49,1.42,1095,678,2.48,0.47,1534.47,23.5,1814,1272,15780.7,6614,722,294.74,411.79,9.05,304.05,0.52,2335.45
1979M08,32.25,1.24,3.14,4.35,1.56,1002,652,2.56,0.47,1561.89,23.5,1976.4,1213,14793,6614,665,300.82,394.34,9.31,328.43,0.48,2340.27
1979M09,34.5,1.24,3.22,4.57,1.56,905,640,2.88,0.48,1615.61,23.5,2095.9,1231,15399.3,6614,724,354.95,462.93,13.76,338.17,0.44,2339.93
1979M10,36,1.28,3.06,4.62,1.57,907,602,2.86,0.48,1786.22,23.5,2075.9,1319,16012.2,6614,707,391.66,519.87,16.63,340.38,0.45,2328.32
1979M11,39.5,1.29,3.02,4.56,1.58,907,620,3.03,0.48,1832.55,23.5,2090,1225,16360.5,6614,702,391.99,505.64,16.65,342.35,0.36,2295.14
1979M12,39,1.31,3.19,4.28,1.67,885,630,3.1,0.49,1913.49,23.5,2214,1233,16986.6,6945,751,455.08,600.53,22.45,356.88,0.35,2294.97
1980M01,38,1.37,3.17,3.81,1.69,885,662,3.01,0.49,2054.86,28.09,2601,1118,17013,6584.8,774,675.31,806.79,38.88,372.79,0.35,2286.27
1980M02,36,1.42,3.24,3.71,1.68,840,672,2.97,0.49,2131.01,28.09,2918,1168,17100.4,6978.9,870,665.32,882.31,35.24,376.52,0.35,2300.11
1980M03,35.75,1.46,3.09,4.12,1.64,760,637,2.6,0.46,1978.38,28.09,2306,1121,17470.3,6733.8,743,553.58,746.54,24.73,392.72,0.34,2292.46
1980M04,35,1.51,2.91,4.05,1.63,660,611,2.52,0.46,1932.46,28.09,2070,969,17017.2,6233.3,708,517.41,589.06,14.95,395.97,0.38,2323.69
1980M05,35.6,1.56,2.59,4.23,1.67,618,584,2.44,0.48,1775.8,28.09,2037,772,17041.7,6000.8,691.5,513.8,559.65,12.68,410.4,0.44,2305.8
1980M06,36,1.57,2.5,4.05,1.68,630,555,2.51,0.49,1668.96,28.09,2006,739,17223.9,6294.9,678.1,600.72,641.84,15.78,418.94,0.48,2297.72
1980M07,33.35,1.64,2.46,3.52,1.69,648,545,2.75,0.52,1758.07,28.09,2176,811,17090.8,6622.2,714,643.27,670.35,16.32,418.94,0.42,2297.52
1980M08,32.3,1.64,2.31,3.1,1.67,620,518,2.92,0.51,1783.63,28.09,2082.1,853,17018.4,6584.5,769,627.15,644.24,15.94,418.94,0.4,2263.02
1980M09,32.25,1.69,2.39,2.86,1.67,590,509,2.85,0.51,1655.07,28.09,2060,883,17308.3,6655.3,796,673.63,695.88,19.89,418.94,0.51,2226.88
1980M10,36.8,1.71,2.31,2.84,1.66,580,507,2.86,0.5,1626.15,28.09,2040,879,16692.1,6691.9,805,661.15,675.6,20.2,418.94,0.51,2224.33
1980M11,39.75,1.76,2.17,2.6,1.63,650,585,2.94,0.48,1503.91,28.09,2010,813,15615.5,6452.7,802,624.77,632.6,18.58,439.37,0.32,2258.46
1980M12,39.35,1.74,2.11,2.72,1.61,605,619.3,2.75,0.47,1430.66,28.09,1879,743,14707,6391,784,538.26,604.34,16.46,446.44,0.32,2234.06
1981M01,39.25,1.77,2.09,2.89,1.66,613,625,2.68,0.46,1430.83,28.09,1869.1,705.3,14332.7,6403.8,777.4,557.39,536.01,14.79,446.44,0.35,2271.12
1981M02,37.1,1.81,2.04,2.85,1.64,603,640,2.57,0.43,1452.38,28.09,1801,689.3,13633.4,6370.7,731,499.76,479.69,13.06,456.26,0.33,2288.69
1981M03,36.85,1.86,2.12,2.86,1.6,574,620,2.5,0.43,1442.95,28.09,1818,729.7,13633,6292.4,751,499.11,490.88,12.34,480.56,0.39,2286.29
1981M04,35.55,1.93,2.11,2.89,1.57,552,588,2.53,0.42,1369.23,28.09,1821,758.7,13365,6307,824,495.8,481.17,11.47,490.63,0.4,2292.45
1981M05,33.38,1.95,1.93,2.83,1.52,563,599,2.49,0.4,1297,28.09,1742,696.9,12663.5,6352.2,851,479.7,461.92,10.85,494.36,0.37,2296.24
1981M06,32.17,1.95,1.66,2.51,1.46,570,640,2.44,0.38,1232.41,28.09,1700,712.1,12603.5,6169.4,840,461.09,443.42,10,510.27,0.38,2298.17
1981M07,31.96,2.01,2.05,2.67,1.41,585,600,2.41,0.4,1175.31,28.09,1681.9,784.3,13358,6150.2,865.1,409.07,406.71,8.58,498.49,0.38,2283.32
1981M08,32.17,2.02,2.25,2.78,1.39,565,531,2.41,0.39,1230.83,28.09,1787,824,14485,5999.2,955,410.16,417.6,8.92,473.94,0.44,2313.73
1981M09,32.06,2.08,2.36,2.8,1.43,535,509,2.49,0.41,1168.91,28.09,1710.4,763.6,14935.1,5579,939.2,443.75,435.61,10.05,463.13,0.52,2309.46
1981M10,32.68,2.11,2.17,3.02,1.28,564,513,2.43,0.42,1140.18,28.09,1666.3,716.5,15112.6,5216.8,891.7,437.76,420.25,9.23,431.71,0.51,2378.4
1981M11,34.24,2.15,2.06,3.18,1.32,570,500,2.37,0.43,1081.85,28.09,1651.4,666,15836.2,5100.2,876.9,413.37,397.07,8.54,405.2,0.46,2405.27
1981M12,34.12,2.16,2.11,3.13,1.34,545,483,2.36,0.42,1130.88,28.09,1655.3,674.3,15951.5,5496.1,845.5,410.09,399.45,8.45,356.88,0.34,2437.1
1982M01,34,2.23,2.19,3.18,1.53,536,502,2.38,0.42,1113.3,32.5,1610.6,648.2,16133.1,5628.8,818.5,384.14,369.59,7.99,321.24,0.32,2471.1
1982M02,30.4,2.3,2.09,3.4,1.53,526,528,2.38,0.4,1087.7,32.5,1598,618,15992.6,5716.8,822.9,374.13,359.63,8.28,302.82,0.3,2535.74
1982M03,28.6,2.35,1.95,3.22,1.53,480,507,2.38,0.39,1029.2,32.5,1510.4,612.5,12766.3,5653.3,789.7,330.25,317.62,7.23,305.28,0.32,2566.26
1982M04,30.88,2.4,1.74,3.12,1.53,502,509,2.4,0.39,996.2,32.5,1521.7,574.7,12618.1,5394,742.5,350.3,337.93,7.31,291.28,0.35,2610.86
1982M05,33.35,2.45,1.72,3.03,1.55,493,511,2.41,0.4,973.3,32.5,1527.7,574.7,12735.9,5211.9,750.2,333.71,310.39,6.68,278.52,0.37,2652.52
1982M06,32.65,2.45,1.55,3.1,1.5,497,494,2.38,0.38,918.8,32.5,1300,520.7,11087,5186.6,691.9,314.98,276.26,5.56,270.66,0.41,2635.91
1982M07,31.7,2.47,1.56,2.94,1.52,465,421,2.23,0.41,957.8,32.5,1440.9,552.4,11316.6,5068.6,726.9,338.97,287.97,6.46,261.82,0.43,2597.12
1982M08,31.2,2.53,1.55,2.93,1.57,412,396,2.24,0.41,958.9,32.5,1451.5,522.9,12195.7,4953.1,715.5,364.23,296.81,7.11,266.73,0.53,2554.87
1982M09,33.05,2.56,1.69,3,1.63,411,380,2.43,0.4,959.5,32.5,1426.5,515.3,12675.7,4310.3,749.5,437.31,334.13,8.78,252,0.47,2585.79
1982M10,33.4,2.6,1.63,3.1,1.57,406,355,2.48,0.4,951.5,32.5,1461,497.4,12413.8,3916.5,751.3,422.15,334.54,9.39,235.06,0.43,2516.15
1982M11,31.75,2.62,1.54,3.05,1.56,416,362,2.48,0.39,965.2,32.5,1443.8,462.4,11981.9,3433.7,710,414.89,345.91,9.79,238.26,0.39,2485
1982M12,30.1,2.62,1.63,2.97,1.51,429,376,2.48,0.41,987.4,32.5,1473.2,448,11992.9,3576.3,668.5,444.5,368.72,10.57,246.11,0.29,2556.16
1983M01,30.05,2.66,1.78,2.87,1.76,435,372,2.28,0.41,1076.5,29,1571.9,475.3,12082.6,3797,699.1,481.29,452.85,12.34,239.97,0.29,2572.24
1983M02,29,2.66,1.94,2.8,1.82,451,367,2.38,0.4,1230.4,29,1647.4,454.5,13034.2,4228.2,681.4,491.09,464.51,13.98,249.55,0.29,2598.64
1983M03,28.1,2.58,1.87,2.76,1.88,482.2,377.6,2.49,0.4,1301.8,29,1597.7,443.3,13426,4831.9,678.4,419.7,401.06,10.64,261.82,0.33,2601.79
1983M04,28.7,2.53,1.88,2.75,2.05,576.3,418.5,2.54,0.39,1363.6,29,1674.9,457.6,13792.8,4817.8,697.5,432.88,413.68,11.61,261.82,0.41,2619.76
1983M05,28.5,2.53,2.07,2.83,2.13,622,432,2.54,0.39,1453.4,29,1765.7,433.1,13522.9,5031.6,735.6,438.01,448.52,12.92,259.86,0.45,2613
1983M06,28.75,2.59,2.3,2.81,2.2,694,394,2.47,0.38,1465.6,29,1701.2,408.1,13354,4883.2,718.4,412.84,422.37,11.74,249.06,0.39,2637.52
1983M07,29,2.52,2.3,2.83,2.02,846,425,2.46,0.39,1520.2,29,1704.3,403.3,13193,4804.1,739.8,402.91,433.27,12.03,241.45,0.34,2668.06
1983M08,28.9,2.58,2.3,2.86,2.11,985,559,2.48,0.38,1603.6,29,1639.8,398,12826,4852.8,808.9,416.2,435.56,12.06,254.95,0.35,2692.84
1983M09,28.6,2.67,2.15,2.92,2.16,954,645,2.47,0.38,1613.7,29,1560.7,404.7,12755.3,4910.6,837.8,411.8,431.11,11.96,278.27,0.44,2678.49
1983M10,28.6,2.58,2.1,3.1,2.23,860,671,2.45,0.38,1566.3,29,1435.2,419.4,12750.8,4674.2,859,393.6,395.87,9.89,269.68,0.46,2741.07
1983M11,28.3,2.6,2.22,3.19,2.4,884,661,2.41,0.37,1516.8,29,1389.1,404.7,12772.5,4585.2,859.1,381.7,387.67,8.81,264.18,0.41,2745.91
1983M12,28.25,2.61,2.54,3.23,2.42,969,695,2.31,0.36,1549.3,29,1415.2,402.1,12345.5,4657,857,388.34,393.22,9.15,251.02,0.34,2709.22
1984M01,27.73,2.67,2.62,3.17,3.07,1069,875,2.26,0.36,1548.9,26.15,1375.7,397.5,12117.8,4670.5,957.8,370.89,376.25,8.25,237.77,0.27,2675.78
1984M02,27.65,2.71,2.5,3.22,2.71,1158,875,2.34,0.37,1491.2,26.15,1429.8,404.5,12297.7,4639.8,998.4,385.96,391.23,9.12,227.85,0.25,2630.46
1984M03,27.79,2.67,2.53,3.27,2.79,1123,845,2.38,0.38,1455.8,26.15,1501.2,459.5,12406.1,4780.7,1040.6,394.26,398.43,9.65,234.08,0.26,2632.91
1984M04,27.96,2.64,2.54,3.31,3.01,1150,841,2.47,0.37,1370.3,26.15,1532.6,481.7,12445,4911.5,1004.1,381.37,391.62,9.25,235.31,0.24,2627.55
1984M05,28.03,2.67,2.68,3.31,2.81,1314,951,2.4,0.36,1289.1,26.15,1420.9,453.1,12582.8,4811.4,1001.3,377.4,387.86,8.97,234.33,0.24,2687.46
1984M06,27.91,2.7,2.49,3.25,2.71,1431,783,2.33,0.36,1275,26.15,1366.5,484.3,12662.2,4773.2,941.5,377.7,381.55,8.77,235.31,0.32,2759.88
1984M07,27.26,2.68,2.21,3.18,2.7,1273,580,2.23,0.36,1162.8,26.15,1330.8,493.6,12438.7,4640.3,853.6,347.71,343.32,7.46,248.81,0.41,2840.07
1984M08,27.23,2.69,2.21,3.21,2.7,1079,562,2.25,0.36,1135.8,26.15,1337.5,467.4,12302.2,4736,834.1,347.7,339.78,7.6,252,0.51,2907.89
1984M09,27.4,2.62,2.31,3.14,2.65,1170,611,2.18,0.34,1012.1,26.15,1293.6,401.6,12091.1,4705.5,873.3,340.2,326.7,7.25,236.54,0.56,2953.76
1984M10,27.11,2.63,2.26,3.02,2.67,1175,615,2.11,0.44,1027.9,26.15,1273,412,11744.9,4750.3,843.7,341,324.34,7.29,231.63,0.5,2932.06
1984M11,27.09,2.61,2.26,3.09,2.53,993,616,2.1,0.34,1151.8,26.15,1345.1,440.5,11991.2,4748.3,855.1,342,328.49,7.49,211.74,0.36,2933.26
1984M12,26.76,2.57,2.14,3.1,2.56,920,592,2.22,0.32,1095.2,26.15,1321.1,415.6,11722.2,4859,859.7,319.54,304.13,6.64,204.62,0.32,2854.79
1985M01,27.3,2.64,2.22,3.21,2.1,856,583,2.27,0.31,1075.4,26.56,1359.1,420.5,11073.4,4947.2,867.1,302.79,274.39,6.1,206.83,0.24,2796.84
1985M02,27.25,2.71,2.27,3.18,1.94,756,595,2.31,0.3,1098.2,26.56,1388.5,368.2,10946,5050.8,886.6,299.1,269.4,6.06,200.94,0.28,2730.48
1985M03,27.15,2.62,2.23,3.26,1.72,843,651,2.25,0.3,1095.3,26.56,1389.9,352,11210.6,5211.7,920.9,313.5,260.76,5.99,199.96,0.36,2689.7
1985M04,26.65,2.64,2.24,3.12,1.82,769,653,2.13,0.34,1106.3,26.56,1501.8,389.6,11806.4,5489.5,931.3,326.8,282.72,6.44,202.9,0.43,2675.23
1985M05,25.65,2.53,2.13,3.15,1.77,662,610,2.09,0.34,1105.2,26.56,1530.6,376,11909.8,5604.1,881.3,316,272.38,6.27,202.9,0.44,2634.51
1985M06,25.45,2.58,2.09,3.13,1.71,575,556,2.09,0.35,1032.2,26.56,1432.4,389.4,12385.8,5553.4,808,316.5,267.8,6.18,202.9,0.44,2611.25
1985M07,25.7,2.51,2.21,2.98,1.81,520,487,2.05,0.37,1011.6,26.56,1474.6,403.1,12755.8,5090.5,766.8,317.2,268.91,6,191.12,0.45,2582.51
1985M08,26.3,2.47,2.27,2.94,1.73,456,404,2.07,0.37,1019.3,26.56,1420.2,413.6,12647.2,4907.5,735.1,330.4,307.8,6.15,191.12,0.51,2568.57
1985M09,26.15,2.42,2.35,2.94,1.64,427,360,2.08,0.37,985.1,26.56,1366.4,400.4,12325.2,4570.2,689.5,323.35,311.15,6.05,191.12,0.51,2532.65
1985M10,26.7,2.37,2.36,3.1,1.56,430,356,2.14,0.38,970.5,26.56,1384.7,393.4,12391.1,4239.5,631.9,325.85,323.46,6.18,191.12,0.45,2502.74
1985M11,26.9,2.36,2.3,3.43,1.57,393,362,2.14,0.39,950.4,26.56,1369.5,394.2,9903.2,4034.5,597.5,321.5,334.4,6.1,191.12,0.36,2465.83
1985M12,26.3,2.28,2.38,4.34,1.62,395,390,2.23,0.39,1039.2,26.56,1390.9,389.9,9114,4089.6,685.3,321.9,336.82,5.85,191.12,0.32,2551.49
1986M01,25.4,2.28,2.32,5.24,1.53,380,342,2.18,0.4,1119.24,26.26,1418.3,368.4,7910,4034.5,644,347.48,363.76,6.02,220.58,0.32,2646.02
1986M02,14.8,2.26,2.23,5.03,1.52,318,283,2.16,0.4,1114.85,26.26,1405.5,367.3,7922.9,3988.2,608.7,338.89,376.04,5.86,211.99,0.32,2680.73
1986M03,11.45,2.16,2.11,5.28,1.48,293,243,2.19,0.41,1168.01,26.26,1445.1,367.2,7313.6,4122.6,625.7,345.7,413.64,5.62,197.26,0.34,2695.37
1986M04,10.3,2.1,1.99,4.98,1.51,266,242,2.06,0.42,1164.44,26.26,1434.6,369.5,5686.1,3999.2,659.9,340.44,418.39,5.19,186.21,0.36,2655.77
1986M05,11.5,1.96,1.91,4.66,1.67,233,238,2.07,0.42,1164.3,26.26,1418.74,376.5,5474.2,4043.3,707.3,342.4,413.62,5.07,181.3,0.37,2638.78
1986M06,10.2,1.85,1.91,3.9,1.63,254,243,2.02,0.42,1183.04,26.26,1413.14,418.4,5378.3,4087.4,804.2,342.7,432.49,5.13,181.3,0.4,2604.64
1986M07,7.85,1.8,2.02,3.8,1.71,229,221,1.93,0.43,1123.06,26.26,1344.3,379.8,5386.6,3911,807.1,348.34,438.8,5.03,181.25,0.43,2599.26
1986M08,12.15,1.77,2.07,3.83,1.72,211,197,2,0.42,1129.23,26.26,1303.1,392.2,5404.3,3807.4,816,376.66,540.33,5.18,185.75,0.5,2568.82
1986M09,13.1,1.78,2.21,4.4,1.7,240,207,2.09,0.41,1205.82,26.26,1347,407.2,5397.2,3723.6,871.1,417.73,604.48,5.63,173.5,0.5,2607.02
1986M10,13.15,1.73,2.07,3.92,1.76,341,272,2.11,0.4,1161.94,26.26,1316.8,434.6,5542.8,3644.2,886.2,423.51,581.25,5.64,174.8,0.44,2654.09
1986M11,13.55,1.77,2.02,3.45,1.84,388,303,2.12,0.4,1131.81,26.26,1303.2,473.4,6092.3,3642,820,397.56,517.07,5.55,174,0.38,2753.28
1986M12,14.9,1.76,1.98,3,1.84,405,293,2.18,0.4,1133.48,26.26,1335.6,518.4,6428.1,3571.5,798.2,390.92,480.61,5.35,167,0.36,2806.36
1987M01,17.2,1.74,1.97,2.72,1.67,425,350,2.18,0.42,1171.4,25.3,1346,464.1,6712.7,3525.2,759.7,408.26,515.97,5.51,172,0.37,2777.67
1987M02,16.7,1.73,1.96,2.66,1.59,403,330,2.28,0.43,1283.44,25.3,1379.83,460.4,6688.4,3717,740.4,401.12,517.86,5.48,186,0.36,2769.11
1987M03,16.9,1.73,2.01,2.29,1.62,344,313,2.33,0.45,1367.26,25.3,1465.72,487,6631.5,3772.1,731.6,408.91,532.63,5.66,198.25,0.35,2775.51
1987M04,16.95,1.69,2.07,2.37,1.73,389,339,2.4,0.46,1400.97,25.3,1484.24,555.6,6699.8,3897.8,761.9,438.35,585.65,7.35,199.4,0.4,2797.14
1987M05,17.05,1.65,2.07,2.59,1.67,405,341,2.4,0.47,1411.6,25.3,1520.44,693.3,6747.4,4435.7,838.7,460.23,606.73,8.46,197.5,0.5,2737
1987M06,17.25,1.65,2,2.32,1.65,451,342,2.32,0.46,1472.33,25.3,1571.87,629.3,6610.4,4435.7,878.4,449.59,569,7.42,192.75,0.57,2766.86
1987M07,17.75,1.66,2.12,2.2,1.72,443,300,2.33,0.47,1653.09,25.3,1694.62,663.6,6404.9,4753.2,829.8,450.52,572.35,7.61,190.8,0.51,2744.43
1987M08,17.3,1.63,2.02,2.25,1.7,479,308,2.31,0.47,1810.37,25.3,1756.31,659.3,6556.1,5306.5,804.1,461.15,609.92,7.84,204,0.52,2765.26
1987M09,17,1.56,1.99,2.44,1.64,480,335,2.51,0.48,1746.28,25.3,1811.01,646.8,6406.3,5333,756.7,460.38,590,7.61,258,0.51,2743.91
1987M10,17.05,1.57,1.91,2.63,1.64,482,353,2.51,0.49,1962.66,25.3,1967.2,601.4,6763.8,5692.3,769.9,465.35,568.05,7.61,266.75,0.47,2726.68
1987M11,16.6,1.64,1.93,2.79,1.62,477,368,2.56,0.52,1681,25.3,2523.9,642.2,6927.3,5937,848,467.57,500.3,6.76,254.25,0.46,2711.86
1987M12,15.5,1.7,1.9,2.8,1.57,529,432,2.51,0.54,1823.93,25.3,2868.9,659.1,6829.4,7661.1,866.3,486.24,500.22,6.81,255.6,0.44,2631.12
1988M01,15.4,1.96,1.97,2.82,1.59,566,486,2.49,0.53,2002.46,24.3,2663.2,666.8,6808.1,8073.3,878.5,476.58,494.07,6.74,291.5,0.39,2608.79
1988M02,15.05,1.84,1.8,3.05,1.6,530,403,2.61,0.52,2138.02,24.3,2330.2,655.7,6690.1,8666.9,876.4,442.07,458.51,6.34,306.25,0.39,2536.19
1988M03,13.4,1.7,1.69,3.01,1.55,516,381,2.59,0.54,2526.41,24.3,2359.3,648.7,6772.9,15496.8,981.9,443.61,496.38,6.41,294,0.41,2453.13
1988M04,14.95,1.59,1.65,3.01,1.56,509,403,2.49,0.55,2508.35,24.3,2286.3,649.4,6752.6,18011.8,1069.2,451.55,526.98,6.48,288,0.47,2359.59
1988M05,14.85,1.52,1.71,3.06,1.68,533,422,2.43,0.55,2988.16,24.3,2447.99,668.3,6777.6,17025,1176.7,451.07,548.84,6.54,257,0.45,2379.98
1988M06,13.8,1.53,1.62,3.17,1.67,614,496,2.42,0.53,3577.86,24.3,2540.27,677.5,7035.8,15589.8,1365.3,451.33,579.63,7.02,271.5,0.44,2340.16
1988M07,13.05,1.56,1.61,3.13,1.65,666,517,2.44,0.5,2582.05,24.3,2213.51,619.3,7148.8,14591.3,1237.4,437.63,548.64,7.04,271.75,0.4,2374
1988M08,13.15,1.62,1.45,2.92,1.56,576,450,2.51,0.5,2701.14,24.3,2200.68,601.6,7322.7,14187,1309.2,431.28,532.88,6.71,271.6,0.4,2409.75
1988M09,11.55,1.53,1.24,3.04,1.5,567,428,2.51,0.5,2387.12,24.3,2435.53,609.8,7408.5,11878.4,1330.3,413.46,512.57,6.38,273.25,0.53,2437.68
1988M10,10.3,1.68,1.3,2.95,1.54,564,431,2.57,0.51,2309.49,24.3,2939.51,655.2,7252.7,11557.5,1519.9,406.78,525.73,6.28,273,0.59,2510.26
1988M11,10.6,1.76,1.47,2.98,1.53,570,418,2.57,0.53,2381.76,24.3,3304.66,691.4,7312.4,13342,1559,420.17,575.78,6.29,271.8,0.53,2563
1988M12,12.5,1.89,1.5,3.25,1.52,567,411,2.57,0.54,2502.65,24.3,3498.91,731,7337.4,16920,1594.3,419.05,564.11,6.12,260,0.44,2642.22
1989M01,14.45,1.78,1.43,3.36,1.62,537,383,2.44,0.54,2397.55,27.83,3394.06,675.7,7409.6,17725,1734,404.01,526.93,6,264.8,0.42,2724.49
1989M02,14.6,1.71,1.48,3.09,1.65,538,401,2.49,0.53,2183.05,27.83,3096.92,621.6,7873.7,18523.8,1932.4,387.51,531.94,5.88,269.25,0.37,2870.53
1989M03,15.95,1.49,1.41,3.1,1.68,545,399,2.44,0.52,2073.71,27.83,3264.14,589.2,8760.5,17157.1,1961.6,390.15,538.03,5.96,278.5,0.42,3033.02
1989M04,16.9,1.53,1.29,3.17,1.78,549,391,2.45,0.52,2125.75,27.83,3117.91,608.1,10195.9,15261.3,1656.4,384.4,537.67,5.79,293,0.45,3161.72
1989M05,15.65,1.66,1.21,3.1,1.86,589,406,2.43,0.49,2259.31,27.83,2738.98,643.4,10143.7,13454.2,1628.4,371.05,516.75,5.45,310.25,0.45,3181.6
1989M06,15.4,1.7,1.25,2.76,1.72,559,373,2.44,0.47,1914.16,27.83,2546.01,666.1,9935.5,12142.6,1539,367.6,497.35,5.27,327.2,0.45,3237.67
1989M07,15.5,1.64,1.35,1.94,1.77,540,331,2.49,0.5,1755.93,27.83,2505,691.6,9605.2,12275,1616.9,375.04,501.91,5.22,350.5,0.43,3257.04
1989M08,15,1.58,1.29,1.73,1.78,481,309,2.55,0.49,1798.32,27.83,2762.2,702.3,8715.6,12909.7,1730.4,365.14,484.64,5.18,332.2,0.49,3229.12
1989M09,15.6,1.53,1.14,1.73,2.15,503,323,2.65,0.48,1717.93,27.83,2884.4,728.1,8269.7,11222.1,1628.9,361.75,477.67,5.13,319.75,0.5,3304.64
1989M10,16.15,1.6,1.06,1.51,2.07,480,321,2.74,0.49,1820.02,27.83,2861.4,751.8,7922.4,10424.9,1584.6,366.88,485.82,5.14,304,0.47,3339.52
1989M11,16.15,1.9,1.01,1.56,1.91,456,301,2.84,0.49,1736.09,27.83,2591.3,692.8,6837.3,9793.2,1437.6,394.26,510.19,5.48,268.5,0.44,3333.87
1989M12,17.1,2.24,0.97,1.6,1.9,425,267,2.88,0.49,1633.26,27.83,2418.6,711,6744.1,8809.2,1455,409.39,506.81,5.57,272,0.44,3337.65
1990M01,17.45,2.39,0.99,1.68,2.09,433,279,2.78,0.51,1528.25,32.5,2366.64,707.8,6592,7055.9,1297,410.11,497.66,5.25,276.2,0.46,3342.65
1990M02,16.8,1.9,1.03,1.85,2.13,393,271,2.46,0.52,1454.28,32.5,2360.16,779.8,6156.1,6976.9,1396.8,416.81,516.1,5.29,300,0.41,3384.92
1990M03,15.8,1.55,1.13,2.09,2.42,372,286,2.48,0.5,1567.39,32.5,2625.61,1062.3,6270.5,9266.8,1607.4,393.06,497.06,5.08,289.25,0.44,3361.05
1990M04,14.3,1.49,1.33,2.09,2.11,343,267,2.47,0.51,1525.55,32.5,2686.15,836.1,6390.9,8939.5,1685.6,374.24,478.15,5.07,275.75,0.5,3354.45
1990M05,14.6,1.47,1.44,2.05,2.15,353,281,2.48,0.52,1526.93,32.5,2741.95,825.6,6324.6,8698,1774.6,369.05,488.55,5.08,260,0.58,3406.65
1990M06,13.25,1.47,1.32,1.97,1.94,317,272,2.5,0.53,1565.79,32.5,2584.56,838,6096,8422.1,1714.8,352.33,481.11,4.92,255,0.6,3420.22
1990M07,15.3,1.41,1.35,1.91,1.99,297,279,2.56,0.62,1570.96,32.5,2769.49,875.4,5924.4,9318.2,1637,362.53,478.79,4.87,256.4,0.57,3446.4
1990M08,25,1.36,1.29,2.08,1.96,294,291,2.65,0.65,1782.02,32.5,2957.03,876.1,5905.2,10957.4,1615.1,394.73,492.73,5.01,259.5,0.59,3483.54
1990M09,30.3,1.44,1.37,2.1,2.03,284,284,2.7,0.64,2066.53,32.5,3031.37,838.5,5707,10844,1537.5,389.32,461.66,4.8,260.75,0.63,3430.39
1990M10,31.55,1.69,1.31,2.02,2.08,284,290,2.59,0.67,1945.7,32.5,2743.56,760.9,6061.4,9145.4,1352.6,380.74,424.95,4.39,281.4,0.64,3287.27
1990M11,27.95,2.1,1.35,1.87,1.84,343,331,2.53,0.67,1617.5,32.5,2585.89,701.2,5981.3,8587.4,1277.7,381.73,422.24,4.17,272.25,0.52,3400.25
1990M12,23.25,2.11,1.3,1.97,1.94,325,346,2.55,0.66,1522.44,32.5,2485.38,624.8,5615.2,8157.6,1265.4,376.95,420.07,4.08,263.75,0.43,3388.44
1991M01,19.4,1.67,1.24,1.89,1.92,340,349,2.59,0.66,1515.18,34.76,2448.52,600.4,5623.2,8568.8,1206.2,383.64,407.84,4.05,303.4,0.51,3429.54
1991M02,14.45,1.36,1.21,1.97,1.77,330,338,2.73,0.67,1504.6,34.76,2449.38,593.8,5583.7,8672.3,1188.1,363.83,386.79,3.74,327.25,0.5,3375.34
1991M03,14.85,1.34,1.21,2.06,1.76,343,348,2.59,0.63,1496,34.76,2409.63,603,5517.4,8700.8,1198.6,363.34,399.99,3.94,311.5,0.52,3400.39
1991M04,15.35,1.33,1.15,2.03,1.76,323,319,2.61,0.6,1391.86,34.76,2472.04,600.9,5560,9021,1252.9,358.38,396.88,3.98,285.8,0.5,3396.7
1991M05,15.9,1.31,1.06,1.94,1.9,335,318,2.63,0.59,1296.05,34.76,2305.88,555.2,5701.7,8452.4,1090.9,356.95,389.64,4.05,288.25,0.49,3439.41
1991M06,15.4,1.2,1.04,1.89,1.79,369,311,2.7,0.56,1275.15,34.76,2219.28,549.4,5710.6,8280,1061.6,366.72,376.05,4.39,293.25,0.4,3466.27
1991M07,16.25,1.19,1.03,1.84,1.6,465,341,2.69,0.58,1296.78,34.76,2236.28,548.1,5669.6,8541.3,1063.1,367.69,376.03,4.35,303.4,0.52,3489.62
1991M08,16.65,1.31,1.14,1.8,1.53,459,338,2.64,0.59,1256.45,34.76,2233.19,540.2,5638.8,8144.7,1046.3,356.31,346.35,3.96,298.25,0.57,3531.14
1991M09,17.8,1.63,1.27,1.92,1.55,455,323,2.74,0.6,1211.81,34.76,2324.57,539.8,5570.3,7680.7,1023.2,348.74,349.34,4.04,291.5,0.56,3541.1
1991M10,18.95,1.77,1.3,1.76,1.53,546,345,2.72,0.6,1150.03,34.76,2363.64,522.3,5549.6,7443,991.7,358.69,362.48,4.12,276.6,0.49,3681.13
1991M11,18.45,1.81,1.31,1.72,1.5,595,362,2.71,0.62,1134.8,34.76,2379.84,506.2,5505.5,7244.6,1093.3,360.17,365.11,4.07,271.75,0.6,3585.13
1991M12,15.3,1.92,1.37,1.66,1.48,636,376,2.61,0.64,1097.55,34.76,2223.14,532.1,5510.1,7117.8,1188,361.73,353.3,3.94,268.4,0.59,3665.05
1992M01,15.2,1.28,1.28,1.62,1.41,738,383,2.57,0.63,1177.07,33.1,2139.23,514.9,5476.9,7517.3,1153.7,354.45,341.19,4.11,277.25,0.5,3632.64
1992M02,15.75,1.21,1.19,1.51,1.34,702,382,2.52,0.62,1266.83,33.1,2205.97,505,5615.7,7861.9,1130.7,353.91,362.12,4.15,278.25,0.44,3634.89
1992M03,15.8,1.28,1.13,1.55,1.38,644,396,2.45,0.6,1280.47,33.1,2227.33,521.2,5632,7417.7,1214.6,344.34,356.94,4.11,277.2,0.43,3611.67
1992M04,16.7,1.47,1.04,1.45,1.52,647,402,2.38,0.61,1317.05,33.1,2215.33,532.8,5838.9,7420.6,1304.3,338.62,347.3,4.05,278,0.51,3631.04
1992M05,17.6,1.59,0.99,1.34,1.73,638,390,2.38,0.63,1306.79,33.1,2216.52,520.3,6121.1,7326.8,1372.9,337.24,358.59,4.07,274,0.49,3597.63
1992M06,19,1.56,0.97,1.3,1.69,589,404,2.33,0.65,1275.55,33.1,2299.2,548.1,6618.8,7192.8,1385.2,340.81,369.13,4.06,268.8,0.47,3565.88
1992M07,18.5,1.75,1.1,1.28,1.7,528,382,2.35,0.67,1313.05,33.1,2520.32,626.1,6989.4,7497.9,1320.2,352.72,383.12,3.97,278.5,0.55,3512.73
1992M08,17.8,1.97,1.18,1.17,1.73,494,382,2.45,0.68,1305.05,33.1,2521.64,654.5,6780.4,7268,1360.4,343.06,359.55,3.81,270.8,0.57,3426.62
1992M09,18.3,2.33,1.13,1.17,1.7,501,391,2.44,0.65,1269.61,33.1,2414.06,621.1,6643.2,6917.5,1366.9,345.43,362.14,3.77,257,0.56,3368.12
1992M10,18.25,2.42,1.07,1.36,1.72,493,396,2.5,0.6,1173.78,33.1,2249.15,537.4,6016.7,6305.3,1163.6,344.38,358.07,3.75,250,0.5,3244.52
1992M11,17.1,2.24,1.08,1.48,1.66,496,413,2.54,0.57,1159.05,33.1,2158.32,460.4,5723,5564.88,1046.9,335.02,356.11,3.77,252.6,0.42,3097.86
1992M12,16.25,2.16,1.03,1.7,1.66,461,401,2.54,0.61,1207.1,33.1,2206.82,454.6,5756.2,5724.07,1057.9,334.82,361.97,3.73,256.25,0.42,2950.87
1993M01,15.2,1.88,1.04,1.53,1.76,444,410,2.35,0.63,1206.76,29.09,2256.85,436.5,5900.9,5930.93,1061.1,329.01,359.14,3.68,259.75,0.43,2861.41
1993M02,16,1.69,1,1.49,1.85,439,425,2.39,0.61,1201.85,29.09,2212.6,414,5790.9,6038.68,1072.1,329.31,359.02,3.66,254.25,0.41,2847.42
1993M03,16.3,2.18,0.98,1.4,1.61,427,408,2.53,0.63,1151.33,29.09,2152.59,405.9,5659.4,5971.3,996.1,330.08,350.46,3.65,230.2,0.36,2805.46
1993M04,16.35,2.35,1.01,1.28,1.57,402,392,2.59,0.66,1108.53,29.09,1949.88,420.7,5590.9,5972.33,1004.6,342.15,368.01,3.95,206.25,0.38,2774.73
1993M05,16,2.17,1,1.37,1.53,418,371,2.68,0.66,1123.96,29.09,1794.5,407.2,5503.5,5762.55,980.4,367.18,385.16,4.46,184.75,0.39,2694.58
1993M06,15.6,1.97,0.99,1.38,1.6,436,356,2.74,0.64,1165.3,29.09,1853.42,393.9,5112.7,5532.43,926,371.89,383.02,4.38,189,0.38,2665.12
1993M07,14.25,2.06,1.06,1.58,1.62,460,362,2.82,0.61,1202.13,29.09,1927.16,388.2,4972.6,5036.2,927.6,392.19,403.65,5.02,200.75,0.4,2648.22
1993M08,14.75,2.26,1.1,1.7,1.58,455,356,2.8,0.6,1172.14,29.09,1947.45,388.4,4809.3,4721.81,884,378.84,391.9,4.84,209,0.44,2625.52
1993M09,14.2,2.27,1.27,1.78,1.56,424,352,2.73,0.61,1115.38,29.09,1861.86,375.7,4493.6,4352.89,874.2,355.28,362.46,4.22,206,0.6,2605.88
1993M10,14.8,2.02,1.29,1.69,1.57,419,333,2.67,0.6,1087.1,29.09,1646.4,384.3,4681.1,4448.9,914.9,364.18,367.91,4.34,256.75,0.62,2591.58
1993M11,13.7,2.26,1.32,1.73,1.54,464,357,2.64,0.59,1039.81,29.09,1630.02,400.3,4640.9,4633.89,928.4,373.83,374.41,4.53,307.75,0.44,2629.38
1993M12,12.15,2.34,1.36,1.79,1.57,615,411,2.46,0.59,1094.3,29.09,1724.19,461.2,4777.9,5119.12,974.4,383.3,383.17,4.97,320.5,0.32,2594.74
1994M01,13.15,2.34,1.26,1.74,1.54,595,404,2.42,0.6,1174.59,26.47,1805.35,490.1,4942.8,5577.95,996.7,386.88,387.8,5.15,356,0.3,2634.14
1994M02,12.8,2.71,1.23,1.85,1.48,573,387,2.49,0.59,1269.93,26.47,1866.4,485.4,5443.4,5824.95,968.9,381.91,394.02,5.25,343.75,0.34,2553.72
1994M03,12.25,2.21,1.31,1.92,1.47,539,395,2.69,0.6,1289.03,26.47,1914.87,451.5,5405.4,5587.54,935.9,384.13,400.28,5.44,269.75,0.46,2595.42
1994M04,13.8,2.04,1.24,2,1.35,560,434,2.63,0.59,1278.72,26.47,1881.82,439.9,5385.7,5407.97,923.6,377.27,397.9,5.35,269.25,0.36,2651.55
1994M05,14.8,1.92,1.38,2.69,1.52,599,488,2.39,0.6,1322.59,26.47,2150.6,473.5,5504.4,6086.65,955.6,381.43,398.01,5.42,233,0.42,2674.01
1994M06,15.7,1.9,1.46,3.16,1.48,608,508,2.23,0.61,1400.58,26.47,2364.2,525.1,5509.2,6281.84,966.2,385.64,401.09,5.39,213.75,0.44,2641.3
1994M07,16.4,1.96,1.55,4.83,1.59,579,494,2.19,0.63,1492.42,26.47,2458.19,580.1,5311.2,6226.76,964,385.49,411.95,5.28,226.25,0.54,2632.1
1994M08,15.85,1.66,1.55,4.42,1.58,596,575,2.2,0.63,1455.36,26.47,2406.23,570.8,5161.5,5859.5,944.9,380.36,412.19,5.2,252.6,0.54,2608.14
1994M09,15.25,1.49,1.49,4.89,1.54,622,614,2.21,0.65,1569.22,26.47,2505.93,613.5,5321.1,6364.75,992.4,391.58,417.28,5.52,259.75,0.54,2634.62
1994M10,15.35,1.51,1.45,4.45,1.5,621,616,2.12,0.66,1698.05,26.47,2547.67,641.8,5473.6,6748.29,1058.5,389.77,419.4,5.45,262,0.43,2699.88
1994M11,15.95,1.58,1.44,4.03,1.43,706,707,2.19,0.66,1892.59,26.47,2802.45,667.2,6161.1,7556.14,1151.7,384.39,412.37,5.19,264.5,0.33,2693.64
1994M12,14.7,1.72,1.4,3.72,1.42,692,719,2.23,0.65,1878.31,26.47,2985.3,634.3,5946.8,8555.5,1114.3,379.29,410.85,4.78,260.5,0.23,2681.41
1995M01,16.08,1.51,1.47,3.81,1.46,622,655,2.13,0.65,2060.55,28.38,3008.93,666.6,6199.3,9592.55,1156.5,378.55,413.9,4.77,276.8,0.35,2595.13
1995M02,16.64,1.58,1.51,3.74,1.41,636,661,2.16,0.65,1916.15,28.38,2877.65,579.9,5478.3,8505.45,1032.2,376.64,413.97,4.72,280.5,0.42,2673.19
1995M03,16.49,1.54,1.49,3.96,1.35,632,687,2.04,0.68,1805.07,28.38,2924.04,585.6,5532.4,7531.91,1022.2,382.12,416.89,4.65,286.25,0.45,2586.76
1995M04,17.4,1.62,1.46,3.84,1.37,619,625,1.92,0.7,1849,28.38,2903.5,608.5,5872.1,7397.83,1061.4,391.03,448.29,5.48,281.5,0.56,2501.1
1995M05,17.25,1.64,1.45,3.77,1.49,616,611,1.75,0.71,1762.69,28.38,2773.31,596.5,5926.5,7232.19,1036.2,385.22,437.35,5.56,291,0.56,2518.93
1995M06,16.24,1.62,1.44,3.41,1.49,668,631,1.66,0.7,1780.05,28.38,2994.64,611.8,6670.7,7871.57,1009.6,387.56,438.53,5.36,326,0.65,2587.47
1995M07,14.97,1.44,1.36,3.21,1.57,693,655,1.63,0.7,1860.1,28.38,3075.67,621.9,6668.9,8596.57,1026.8,386.23,433.63,5.16,345.6,0.69,2642.87
1995M08,15.37,1.56,1.41,3.38,1.5,686,616,1.69,0.69,1888.32,28.38,3036.84,623.6,6992.3,8944.66,1014.4,383.67,425.34,5.4,339.5,0.61,2691.66
1995M09,15.65,1.64,1.4,2.96,1.55,677,586,1.76,0.69,1760.83,28.38,2915.52,592.7,6328.1,8405.21,986.2,383.06,429.65,5.43,359.75,0.54,2689.09
1995M10,14.92,1.77,1.39,2.81,1.56,718,615,1.82,0.7,1674.32,28.38,2813.55,639.1,6220.7,8061.73,979.1,383.14,412.66,5.37,382.6,0.55,2689.44
1995M11,15.56,2.04,1.44,2.76,1.63,750,607,1.94,0.7,1654.07,28.38,2977.36,713.6,6386.9,8505.91,1030.7,385.31,413.12,5.32,340.5,0.56,2744.74
1995M12,16.81,2.71,1.38,2.34,1.48,718,590,1.91,0.68,1656.74,28.38,2926.26,731.6,6289.5,8090.89,1018.1,387.44,408.71,5.18,341.5,0.44,2800.9
1996M01,16.57,2.93,1.35,2.44,1.52,711,535,1.86,0.69,1589.34,30,2616.41,709.5,6271.6,7862.05,1019.1,399.45,415.48,5.46,369.2,0.42,2869.95
1996M02,16.05,4.4,1.37,2.74,1.52,738,518,1.81,0.69,1591.55,30,2537.71,769.7,6195.5,8215.55,1035.8,404.76,420.21,5.66,368,0.43,2890.78
1996M03,17.05,2.95,1.34,2.66,1.57,723,519,1.72,0.69,1612.48,30,2561.02,817.9,6196.4,8021.74,1063.9,396.21,411.19,5.52,359.5,0.47,2965.09
1996M04,17.77,2.23,1.46,2.72,1.7,756,562,1.72,0.68,1587.23,30,2595.78,815,6480.9,8042.85,1045.4,392.85,404.39,5.42,327.2,0.53,2981.05
1996M05,16.99,2.24,1.52,2.85,1.73,778,552,1.7,0.68,1589.26,30,2658.26,840.2,6412.4,8026.55,1035.8,391.93,401.42,5.37,332.25,0.52,2987.62
1996M06,17,2.49,1.54,2.77,1.66,816,508,1.65,0.68,1482.48,30,2173.4,796.5,6191.9,7709.48,1008.5,385.27,392.25,5.16,341.5,0.56,2996.06
1996M07,17.79,2.48,1.5,2.7,1.79,775,476,1.68,0.7,1458.7,30,1985.57,783.7,6250.2,7203.65,1000.1,383.47,393.66,5.07,358,0.53,3050.38
1996M08,18.77,2.03,1.5,2.78,1.74,742,513,1.76,0.68,1463.36,30,2008.57,815.7,6110.2,7054.36,1006.9,387.35,400.03,5.14,335.5,0.53,3140.87
1996M09,20.26,1.84,1.48,2.62,1.74,721,545,1.75,0.68,1407.38,30,1941.45,796.4,6101.9,7318.05,1000.3,383.14,389.86,5.04,328.4,0.53,3149.7
1996M10,21.71,2.37,1.48,2.74,1.73,722,532,1.79,0.69,1336.34,30,1961.17,741.9,5941.9,7031.39,1003.1,381.07,384.18,4.93,312.75,0.47,3157.84
1996M11,20.87,3.03,1.47,2.74,1.61,760,550,1.77,0.7,1449.52,30,2230.86,716.6,5991.7,6943.38,1046.5,377.85,381.98,4.83,315,0.47,3213.38
1996M12,21.65,3.82,1.47,2.58,1.63,777,561,1.79,0.65,1500.29,30,2268.08,688.8,5836.3,6580.75,1036.3,369,370.7,4.83,319.2,0.43,3261.76
1997M01,21.28,3.31,1.43,2.93,1.65,768,567,1.77,0.69,1575.61,30.15,2434.93,692.3,5877.7,7071.55,1086.5,355.11,360.1,4.77,356,0.42,3333.84
1997M02,18.6,2.22,1.37,3.71,1.68,768,580,1.84,0.65,1580.01,30.15,2405.85,660.2,5883.2,7734.53,1179.4,346.58,365.01,5.07,347,0.41,3353.29
1997M03,18.09,1.89,1.52,4.29,1.74,737,559,2.04,0.65,1631.57,30.15,2421.29,694.6,5909.2,7895.87,1254.8,351.81,378.9,5.2,323.4,0.42,3402.27
1997M04,16.77,2.03,1.57,4.56,1.88,710,562,2,0.63,1561.44,30.15,2391.18,642.5,5713.3,7315.52,1240.4,344.47,371.08,4.77,304.5,0.45,3451.87
1997M05,18.46,2.24,1.57,5.89,2.06,654,553,1.9,0.63,1625.25,30.15,2514.33,618.6,5711.2,7482.85,1310.5,343.84,387.5,4.75,324.5,0.47,3557.14
1997M06,17.34,2.2,1.69,4.89,2.08,637,533,1.76,0.64,1567.55,30.15,2612.62,614.9,5566.1,7062.48,1354.2,340.76,430.76,4.76,323.2,0.44,3604.59
1997M07,17.29,2.19,1.68,4.2,2.19,597,498,1.8,0.63,1591.99,30.15,2450.46,634.3,5442.7,6835.5,1518,324.1,415.52,4.37,320,0.52,3582.17
1997M08,17.77,2.47,1.65,4.21,2.24,567,504,1.84,0.6,1710.58,30.15,2251.2,608.1,5428.4,6761.3,1653.5,324.01,424.55,4.5,285,0.57,3576.49
1997M09,17.95,2.84,1.77,4.19,2.21,615,525,1.79,0.58,1610.6,30.15,2107.3,634.3,5496.3,6503.84,1640.9,322.82,424.73,4.73,270.6,0.55,3635.2
1997M10,19.06,3.04,1.74,3.7,2.28,627,547,1.76,0.59,1607.86,30.15,2052.26,600.3,5561.3,6380.33,1280.1,324.87,423.12,5.03,265.75,0.49,3621.51
1997M11,18.38,3.02,1.7,3.53,2.33,616,556,1.83,0.61,1598.99,30.15,1917.45,563.4,5658,6139.5,1173,306.04,392.29,5.08,252.5,0.41,3628.68
1997M12,16.18,2.33,1.74,3.91,2.37,586,566,1.85,0.61,1530.51,30.15,1762.33,526.6,5513.8,5945.36,1102.2,288.74,365.42,5.84,269.67,0.35,3631.5
1998M01,13.4,2.1,1.67,3.92,2.48,558,621,1.82,0.6,1485.79,31,1688.45,531.6,5206.3,5491.75,1097.2,289.1,373.86,5.89,288,0.36,3583.29
1998M02,12.43,2.22,1.64,3.93,2.51,559,659,1.79,0.6,1465.56,31,1664.8,516.4,5242.5,5386.88,1044,297.49,386.08,6.81,297.25,0.39,3497.56
1998M03,11.53,2.23,1.72,3.48,2.23,578,671,1.79,0.61,1437.7,31,1747.98,559.8,5476.8,5395.8,1047.6,295.94,398.99,6.24,296,0.41,3451.77
1998M04,11.79,2.42,1.72,3.31,2.2,618,688,1.79,0.61,1418.16,31,1800.9,572.7,5714.8,5393.88,1097,308.29,413.75,6.34,311.5,0.44,3493.49
1998M05,12.79,2.14,1.78,3.04,2.03,723,705,1.78,0.59,1364.72,31,1732.53,543.5,5874.7,5020,1061.1,299.1,388.9,5.58,318.25,0.45,3391.41
1998M06,11.67,2.17,1.72,2.75,1.91,652,633,1.7,0.59,1307.24,31,1660.52,528.3,5970,4475.7,1009.8,292.32,355.43,5.26,325.5,0.46,3329.61
1998M07,11.98,2.17,1.72,2.59,1.98,667,661,1.67,0.58,1309.21,31,1651.04,546.2,5653.7,4325.43,1040.3,292.87,378.43,5.46,324.25,0.54,3283.3
1998M08,12.18,1.85,1.68,2.72,1.95,667,674,1.66,0.58,1310.9,31,1620.93,536.7,5691.5,4080.63,1029.8,284.11,369.18,5.18,321.4,0.51,3237.58
1998M09,13.07,2.01,1.69,2.47,1.9,652,703,1.64,0.6,1342.27,31,1647.64,520.2,5485.7,4102.16,1000,288.98,361.15,5,321.25,0.5,3209.48
1998M10,12.81,1.89,1.65,2.42,1.86,695,694,1.64,0.61,1304.06,31,1586.39,492.8,5432.1,3871.93,940.5,295.93,342.6,5.01,298.75,0.43,3269.39
1998M11,11.76,2.1,1.6,2.57,1.8,752,681,1.66,0.61,1294.96,31,1573.95,494.2,5478.3,4131.91,967.1,294.12,347.18,4.97,270,0.43,3183.02
1998M12,10.12,1.74,1.52,2.59,1.7,774,663,1.66,0.61,1249.06,31,1473.57,501.3,5257.6,3878.21,959.2,291.68,351.79,4.88,277.75,0.38,3103.56
1999M01,10.78,1.86,1.46,2.49,1.76,763,632,1.71,0.6,1218.46,27.59,1431.18,492.3,5109.8,4268.75,932.8,287.08,355.11,5.14,299.75,0.42,3111.44
1999M02,10.05,1.77,1.41,2.33,1.66,745,561,1.79,0.6,1186.85,27.59,1410.78,513.7,5268.5,4626.38,1017.3,287.33,364.07,5.53,280,0.4,3173
1999M03,12.37,1.79,1.31,2.32,1.61,700,497,1.76,0.59,1181.59,27.59,1378.35,507.8,5360.2,5011.3,1030,285.96,369.93,5.19,256.2,0.44,3058.83
1999M04,14.96,2.15,1.18,2.25,1.72,827,509,1.72,0.59,1278.2,27.59,1466,519.3,5393,5102.63,1019,282.62,357.15,5.06,235.5,0.45,3006.36
1999M05,15.3,2.25,1.07,2.45,1.92,874,475,1.73,0.59,1323.46,27.59,1511.16,541.5,5649.2,5399.34,1040.3,276.44,356.01,5.26,244.25,0.44,3041.54
1999M06,15.52,2.3,1.16,2.36,1.8,796,392,1.72,0.58,1315.31,27.59,1422.48,496.1,5265.9,5195,1000.5,261.31,356.78,5.03,253.8,0.48,3041.54
1999M07,17.88,2.31,1.11,2.09,1.89,656,319,1.78,0.58,1403.76,27.59,1640,495.8,5230,5700.11,1072.1,256.08,349.06,5.18,259,0.46,3044.28
1999M08,19.34,2.79,1,2.01,1.82,684,354,1.92,0.59,1431.32,27.59,1647.62,503.1,5230.2,6448.69,1130.6,256.69,350.06,5.26,244.5,0.49,3007.82
1999M09,21.84,2.54,1.06,1.86,2.01,704,388,1.87,0.59,1492.48,27.59,1750.34,507.3,5342.5,7028.41,1193.8,264.74,370.93,5.21,229.25,0.47,3034.31
1999M10,21.26,2.72,1.02,2.08,2.06,690,381,1.85,0.61,1474.41,27.59,1724.12,497.1,5430.7,7321.19,1148.7,310.72,421.14,5.41,217,0.52,2929.71
1999M11,23.05,2.36,0.92,2.5,1.95,703,370,1.93,0.59,1472.76,27.59,1727.55,478.3,5842.1,7949.55,1147.2,293.18,434.02,5.15,228,0.34,2961.74
1999M12,23.63,2.36,0.92,2.74,1.86,703,354,1.94,0.59,1554.48,27.59,1764.75,479.1,5721.3,8083.38,1183.8,283.07,439.13,5.16,233.75,0.34,3083.62
2000M01,23.28,2.42,0.92,2.45,1.85,654,348,1.95,0.6,1680.28,28.79,1843.98,472.1,5927.8,8309.5,1178.8,284.32,441,5.19,241.4,0.35,3038.81
2000M02,24.68,2.65,0.86,2.28,1.81,591,332,1.96,0.59,1670.27,28.79,1800.83,452.4,5642.1,9653.33,1094.9,299.86,519.71,5.25,241,0.32,2985.46
2000M03,25.08,2.79,0.93,2.22,1.75,552,349,1.98,0.58,1577.05,28.79,1739.39,441.3,5457.8,10280.11,1116.4,286.39,479.33,5.06,225.75,0.3,3030.14
2000M04,22.03,3.03,0.91,2.09,1.79,550,372,1.98,0.58,1457.14,28.79,1678.75,421.1,5384.4,9727.5,1127.6,279.69,497.55,5.06,214.75,0.34,3048.4
2000M05,25.39,3.58,0.92,2.08,1.98,481,324,1.99,0.55,1466.79,28.79,1785.62,412.1,5451.2,10130.24,1156.9,275.19,525.89,4.98,198.6,0.41,2985.18
2000M06,27.32,4.28,0.95,1.91,1.86,437,315,1.93,0.55,1506.31,28.79,1753.18,419.6,5456.8,8410.91,1117.9,285.73,559.73,5,196,0.43,2969.94
2000M07,26.03,3.96,0.97,1.93,2.05,400,312,1.9,0.55,1563.5,28.79,1799.36,452.1,5343.8,8164.41,1136.2,281.59,560.29,4.97,189,0.4,2934.73
2000M08,27.05,4.41,0.89,1.7,1.95,371,306,1.89,0.55,1527.63,28.79,1855.86,473.1,5304.8,8006.71,1169.8,274.47,577.61,4.89,186.5,0.39,2970.09
2000M09,29.74,5.06,0.88,1.67,1.96,332,288,1.81,0.52,1601.21,28.79,1960.41,487.1,5474.3,8637.98,1224.4,273.68,591.9,4.89,179,0.36,2938.45
2000M10,30.22,5.02,0.88,1.69,1.89,340,255,1.82,0.53,1500.24,28.79,1898.59,486.1,5282.3,7678.07,1095.9,270,579.72,4.83,187.5,0.38,2970.72
2000M11,30.1,5.55,0.88,1.58,1.82,367,257,1.97,0.52,1473.86,28.79,1795.11,468,5269.5,7339.77,1059,266.01,593.34,4.68,185,0.36,2948.7
2000M12,22.09,8.95,0.89,1.46,1.8,329,265,1.93,0.53,1565.41,28.79,1850.55,462.3,5233.7,7314.34,1059.8,271.45,609.5,4.64,184.25,0.31,2893.94
2001M01,22.69,8.17,1,1.45,1.85,319,254,1.93,0.53,1615.65,30.03,1787.5,478.1,5170.5,6994.77,1033.1,265.49,620.47,4.66,184.4,0.35,2909.81
2001M02,24.74,5.63,0.89,1.48,1.7,285,240,1.92,0.53,1604.36,30.03,1765.65,501.8,5121.8,6524.13,1020.9,261.87,600.92,4.56,184.5,0.41,2975.29
2001M03,23.43,5.16,1.12,1.47,1.58,289,254,1.98,0.53,1509.17,30.03,1738.77,498.4,5046.4,6133.52,1004.7,263.03,584.23,4.4,175,0.55,3032.72
2001M04,24.09,5.17,1.08,1.46,1.6,293,251,1.98,0.56,1496.91,30.03,1664.16,477.5,4949.2,6329.87,969.4,260.48,594.86,4.37,163.75,0.63,3032.72
2001M05,25.58,4.21,1.08,1.53,1.59,295,234,2.01,0.52,1538.77,30.03,1682.21,466.7,4945,7060.83,938,272.36,610.7,4.43,164.33,0.73,3060.66
2001M06,25.61,3.71,0.97,1.41,1.61,317,255,2.05,0.51,1466.13,30.03,1608.45,444.1,4828.3,6641.19,894.9,270.23,579.72,4.37,168,0.83,3050.33
2001M07,23.43,3.1,0.97,1.29,1.68,358,330,2.12,0.52,1416.39,30.03,1525.21,461.6,4350.9,5937.05,852.4,267.53,530.84,4.25,169.4,0.96,3065.2
2001M08,24.32,2.95,1.03,1.32,1.58,363,362,2.21,0.53,1377.08,30.03,1464.43,483,3895.7,5520.8,828.1,272.39,451.7,4.22,168.25,0.78,3047.8
2001M09,23.96,2.15,1.02,1.28,1.53,322,310,2.36,0.53,1344.56,30.03,1426.33,464.8,3694.5,5027,798.6,283.42,457.9,4.35,173,0.58,3049.57
2001M10,19.54,2.45,1.08,1.24,1.45,307,277,2.27,0.53,1282.5,30.03,1377.28,468.1,3750.7,4825.33,761.5,283.06,431.39,4.4,170.6,0.42,2992.43
2001M11,17.53,2.36,1.23,1.3,1.49,330,323,2.28,0.53,1327.46,30.03,1427.73,486.5,4041.8,5078.41,772.9,276.16,429.89,4.12,173.5,0.47,2965.41
2001M12,17.64,2.41,1.34,1.25,1.51,339,359.5,2.16,0.53,1344.63,30.03,1471.74,483.3,4018.5,5263.82,754.7,275.85,461.73,4.37,179.33,0.43,2873.44
2002M01,18.29,2.25,1.39,1.28,1.47,362,373.8,2.21,0.52,1368.59,29.31,1503.96,513.1,3861.9,6043.18,793.2,281.51,472.11,4.51,191.75,0.44,2840.58
2002M02,18.91,2.31,1.49,1.3,1.45,376,352.98,2.23,0.52,1369.34,29.31,1561.9,480,3730.8,6029.25,771.3,295.5,471.15,4.42,195.33,0.45,2785.51
2002M03,22.85,3.03,1.59,1.42,1.42,366,359,2.35,0.52,1405,29.31,1604.88,480.2,3842.8,6537.5,819.3,294.06,512.05,4.54,189,0.59,2756.25
2002M04,24.41,3.42,1.57,1.44,1.48,411,360.07,2.25,0.53,1369.99,29.31,1590.33,472.4,4023.6,6958.21,808.2,302.68,539.2,4.58,190.2,0.58,2733.82
2002M05,24.59,3.49,1.6,1.35,1.46,420,384.91,2.12,0.53,1343.3,29.31,1595.68,451.9,4149.8,6761.36,769.5,314.49,533.85,4.7,197.5,0.64,2766.3
2002M06,23.83,3.22,1.66,1.29,1.54,446,426.13,2.06,0.54,1353.97,29.31,1647.53,440,4286.1,7119.86,767.1,321.18,554.7,4.9,202.67,0.64,2775.45
2002M07,24.57,2.98,1.87,1.25,1.58,445,422.22,2.13,0.57,1338.09,29.31,1589.46,446.1,4331.3,7142.72,794.9,313.29,526.2,4.92,199.6,0.65,2770.95
2002M08,25.32,3.09,1.96,1.2,1.52,443,446.09,2.1,0.56,1291.6,29.31,1479.55,423.2,3834,6717.14,747.6,310.26,544.84,4.54,190.33,0.64,2722.29
2002M09,26.83,3.57,2.16,1.34,1.58,410,424.76,2.04,0.57,1301.25,29.31,1478.71,421.3,3957.4,6640.24,756.2,319.14,556.33,4.55,186.6,0.63,2670.53
2002M10,26.18,4.12,2.2,1.45,1.58,434,427.24,1.9,0.57,1310.58,29.31,1483.76,418.2,4241.5,6804.46,754.7,316.56,580.2,4.4,186.25,0.61,2687.8
2002M11,23.16,4.04,1.81,1.54,1.52,457,465.02,1.91,0.58,1372.2,29.31,1582.29,442.2,4230,7313.93,765.3,319.07,588.1,4.51,186.75,0.48,2706.18
2002M12,25.7,4.74,2.03,1.41,1.48,482,488.52,2.01,0.58,1375.07,29.31,1595.68,443.6,4236.8,7193.16,797.7,331.92,595.44,4.63,186.5,0.43,2718.02
2003M01,28.05,5.41,2.18,1.45,1.52,494,486.11,2.04,0.59,1378.28,31.95,1647.66,444.66,4435.68,8026.02,781.41,356.86,627.91,4.81,200.75,0.55,2655.74
2003M02,30.2,7.77,2.28,1.46,1.47,477,476.95,1.99,0.59,1422.16,31.95,1683.8,475.83,4570.75,8623,785.15,358.97,681.7,4.66,198.75,0.51,2651.2
2003M03,27.42,5.95,1.95,1.36,1.39,441,453.55,2.02,0.58,1389.27,31.95,1658.98,456.67,4604.52,8378.81,790.95,340.55,674.33,4.53,197,0.63,2660.52
2003M04,23.43,5.29,1.92,1.43,1.44,421,443.02,1.97,0.58,1332.01,31.95,1587.48,437.38,4565.75,7910.13,754.65,328.18,624.91,4.49,195,0.67,2617.64
2003M05,24.25,5.84,1.74,1.46,1.46,440,453.82,1.88,0.59,1398.49,31.95,1648.28,463.5,4736.75,8330.63,775.65,355.68,650.36,4.74,198,0.68,2589.74
2003M06,25.5,5.77,1.57,1.35,1.49,459,466.21,1.87,0.61,1409.85,31.95,1686.5,468.02,4694.76,8874.76,790.69,356.35,661.67,4.53,203.4,0.72,2589.77
2003M07,26.63,5.01,1.56,1.39,1.63,439,457.72,1.91,0.59,1436.09,31.95,1710,514.78,4739.35,8797.39,827.54,351.02,681.52,4.8,198.5,0.75,2625.1
2003M08,27.62,4.97,1.55,1.41,1.53,421,439.36,2.11,0.58,1456.31,31.95,1760.28,496.53,4822.5,9351.38,817.88,359.77,692.19,4.99,195,0.79,2674.65
2003M09,25.27,4.61,1.64,1.46,1.53,431,440.91,2.27,0.59,1415.57,31.95,1789.52,521.27,4911.59,9965.34,818.18,378.95,705.25,5.17,197.6,0.78,2687.01
2003M10,27.13,4.64,1.48,1.42,1.6,487,515.07,2.33,0.61,1474.25,31.95,1920.54,587.33,5236.74,11047.17,897.96,378.92,732.48,5,195.75,0.84,2685.64
2003M11,27.5,4.53,1.51,1.37,1.56,515,548,2.59,0.61,1508.34,31.95,2055.43,622.33,5362.75,12086.5,914.53,389.91,760.38,5.18,193.4,0.66,2642.11
2003M12,27.86,6.13,1.63,1.43,1.57,583,539.72,2.55,0.64,1554.91,31.95,2201.29,692.07,6057.62,14162.5,977.76,406.95,807.87,5.63,198.25,0.58,2674.11
2004M01,28.68,6.09,1.63,1.6,1.54,584,527.23,2.54,0.67,1606.49,37.9,2423.57,758.38,6485,15326.55,1017,413.79,849.93,6.3,212.75,0.72,2768.31
2004M02,28.4,5.38,1.57,1.68,1.56,642,564.13,2.39,0.68,1685.63,37.9,2759.53,888.48,6672.75,15145.13,1087.68,404.88,846.32,6.44,213.25,0.83,2779.65
2004M03,30.46,5.4,1.5,1.72,1.51,685,583.52,2.34,0.67,1655.99,37.9,3008.72,886.48,7619.78,13715,1105.78,406.67,899.76,7.23,237.8,0.93,2773.99
2004M04,31.07,5.72,1.44,1.66,1.67,736,575.05,2.43,0.66,1729.74,37.9,2948.73,753.68,8955.75,12848.13,1032.73,403.26,880.64,7.15,240.75,0.86,2765.33
2004M05,34.47,6.34,1.42,1.7,1.67,716,537.17,2.68,0.65,1623.22,37.9,2733.5,808.9,9459.47,11118.29,1028.29,383.78,809.83,5.87,232,0.87,2769.73
2004M06,33.41,6.27,1.4,1.81,1.67,658,471.2,2.76,0.67,1677.72,37.9,2686.71,870.32,9204.77,13533.52,1021.46,392.37,807.55,5.86,229,0.92,2768.78
2004M07,34.48,5.93,1.56,1.65,1.71,669,454.77,2.81,0.67,1709.27,37.9,2808.43,939.59,9044.32,15023.3,988.32,398.09,809.52,6.31,230.75,0.99,2732.03
2004M08,38.3,5.4,1.73,1.62,1.77,627,458.14,2.92,0.67,1692.19,37.9,2846.1,921.81,9021.91,13679.52,975.81,400.51,848.68,6.66,239,0.94,2723.65
2004M09,35.48,5.14,1.55,1.77,1.8,657,468.09,2.93,0.66,1723.6,37.9,2894.86,935.46,9019.55,13270.91,975.18,405.28,847.89,6.4,235.25,0.9,2675.17
2004M10,37.58,6.41,1.48,1.78,1.79,642,451.26,2.79,0.66,1819.57,37.9,3012.24,932.76,9045.24,14404.29,1064.95,420.46,841.43,7.1,244,0.92,2705.79
2004M11,34.88,6.09,1.66,1.99,1.78,659,454.61,2.77,0.68,1813.9,37.9,3122.8,967.8,9070.46,14045.46,1095.64,439.38,854.41,7.49,259.2,0.72,2711.83
2004M12,34.26,6.58,1.66,2.3,1.73,654,446.2,2.71,0.71,1849.18,37.9,3145.45,974.91,8553.81,13768.81,1180.21,442.08,848.24,7.09,278.25,0.69,2708.32
2005M01,37.81,6.15,1.55,2.36,1.62,646,418.86,2.69,0.69,1834.43,65,3170,953.15,7735.75,14505,1246.38,424.03,859.07,6.62,287,0.64,2695.58
2005M02,40.94,6.14,1.63,2.66,1.59,646,422.63,2.7,0.69,1882.85,65,3253.7,977.55,8088.75,15349.5,1326.18,423.35,864.32,7.03,290,0.74,2734.03
2005M03,45.58,6.97,1.76,2.98,1.59,710,458.13,2.75,0.7,1979.85,65,3379.49,1004,8407.39,16190.65,1372.15,433.85,866.83,7.23,292.75,1.11,2769.41
2005M04,47.1,7.15,1.59,2.86,1.73,679,457.86,2.74,0.69,1894.29,65,3394.48,985.76,8143.81,16141.91,1300.14,429.23,864.86,7.12,297.25,1.17,2787.21
2005M05,45,6.47,1.51,2.83,1.61,647,450,2.77,0.68,1743.7,65,3249.1,988.08,8125,16931.5,1243.63,421.87,866.23,7.02,293.8,1.1,2795.6
2005M06,50.98,7.19,1.54,2.67,1.64,638.75,451.7,2.78,0.67,1731.3,65,3524.07,986.07,7618.86,16159.55,1275.73,430.66,880.09,7.31,285,0.93,2817.64
2005M07,52.85,7.63,1.49,2.42,1.69,606,454.52,2.81,0.64,1778.79,65,3614.21,854.48,7169.29,14580.71,1194.43,424.48,873.67,7.01,276.75,0.75,2791.86
2005M08,56.63,9.63,1.48,2.39,1.65,550,448.48,2.76,0.66,1867.84,65,3797.75,887.02,7188.86,14892.73,1298.39,437.93,898.43,7.03,282.8,0.76,2746.68
2005M09,56.54,12.88,1.5,2.19,1.66,559,453.64,2.75,0.66,1839.91,65,3857.84,933.07,6783.86,14228.18,1397.52,456.05,914.64,7.15,285.25,0.75,2760.73
2005M10,53.67,13.52,1.46,2.32,1.69,587,467.5,2.7,0.64,1928.71,65,4059.76,1004.76,6422.86,12402.86,1488.38,469.9,931,7.67,286.4,0.82,2770.56
2005M11,51.31,10.43,1.44,2.38,1.65,582,466.7,2.7,0.63,2050.59,65,4269.34,1018.41,6160,12115.68,1610.93,476.67,962.61,7.87,277.75,0.88,2860.43
2005M12,53.13,12.83,1.51,2.33,1.65,553,456.75,2.65,0.64,2247.45,65,4576.78,1124.08,6713.5,13429.25,1821.83,510.1,976.59,8.63,280.5,0.85,2946.09
2006M01,58.31,8.66,1.57,2.74,1.7,569,459.05,2.62,0.65,2377.86,67.2,4734.33,1256.33,7051.43,14555.24,2090.31,549.86,1026.05,9.14,291.25,0.85,2917.21
2006M02,57.58,7.49,1.55,2.63,1.92,591,473.9,2.65,0.64,2455.33,65.2,4982.4,1277.05,7826.25,14978.75,2219.38,555,1041.5,9.53,301.5,0.82,2895.37
2006M03,57.65,6.9,1.55,2.51,1.75,575,472.52,2.62,0.64,2429.13,66.7,5102.85,1192.09,7939.57,14897.39,2416.91,557.09,1041.09,10.38,303.5,0.81,2828.38
2006M04,64.06,7.09,1.55,2.54,1.9,578,475.9,2.6,0.65,2621.11,67.3,6387.78,1170.42,8853.06,17942.22,3084.78,610.65,1098.75,12.61,302.25,0.8,2824.88
2006M05,64.91,6.2,1.6,2.41,1.89,583,483.72,2.62,0.68,2861.48,67.3,8045.86,1166.86,8837.38,21077.14,3565.69,675.39,1260.83,13.38,308,0.8,2831.11
2006M06,65.08,6.19,1.61,2.27,1.98,575,478.16,2.57,0.67,2477.34,69.3,7197.61,963.86,7896.36,20754.55,3225.68,596.15,1188.55,10.8,312.5,0.67,2854.88
2006M07,69.05,6.25,1.68,2.31,2,583.25,499.21,2.62,0.63,2512.71,70.5,7712.1,1052.38,8418.57,26586.19,3339.86,633.71,1228.83,11.23,315.4,0.73,2955.27
2006M08,68.78,7,1.62,2.46,1.95,606,534.26,2.66,0.64,2459.93,69.8,7695.66,1174.14,8502.05,30743.64,3347.3,632.59,1233.52,12.19,312.67,0.83,3038.08
2006M09,59.77,4.86,1.57,2.42,1.91,609,511.24,2.68,0.63,2472.88,70,7602.36,1342.38,9039.29,30130.71,3403.02,598.19,1183.6,11.68,309.2,0.88,3119.58
2006M10,56.5,5.96,1.53,2.44,1.85,626,514.18,2.69,0.63,2654.59,71.7,7500.39,1531.14,9768.18,32702.96,3822.96,585.78,1082.45,11.56,301,1.04,3152.8
2006M11,56.82,7.45,1.58,2.7,1.79,656,571.57,2.77,0.64,2702.8,73.5,7029.18,1624.52,10079.09,32113.86,4382.23,627.83,1183,12.93,296.25,0.93,3149.23
2006M12,58.67,6.58,1.71,2.83,1.83,731.67,625.88,2.7,0.66,2813.63,73.5,6675.11,1725.5,11158.68,34570.26,4405.4,629.79,1121.19,13.28,305,0.79,3063.55
2007M01,52.01,6.58,1.7,2.75,1.79,731,637.59,2.69,0.65,2809.34,78.2,5669.66,1666.09,11361.82,36811.14,3786.68,631.17,1146.65,12.84,313,0.8,3095.78
2007M02,55.68,7.97,1.82,2.69,1.78,763,645.2,2.71,0.65,2832.2,82.66,5676.45,1779.6,12933.25,41184.25,3309.5,664.75,1204.55,13.91,315,0.84,3182.84
2007M03,59.05,7.12,1.92,2.58,1.77,769,660.93,2.69,0.66,2761.73,88.55,6452.48,1914.05,13892.96,46324.77,3271.3,654.9,1218.77,13.18,318.67,0.81,3298.14
2007M04,63.84,7.59,1.98,2.53,1.98,827.5,743.45,2.69,0.67,2814.79,91.26,7766.47,2000.95,14052.9,50266.84,3557.47,679.37,1275.81,13.72,316.5,0.86,3361.26
2007M05,64.54,7.61,2,2.5,1.94,894,816.09,2.7,0.67,2792.75,102.02,7681.42,2101.25,14140,52179.05,3831.26,667.31,1300.65,13.15,317.6,0.89,3397.24
2007M06,65.76,7.3,2.02,2.63,2.07,979,833.19,2.68,0.67,2676.93,103.21,7474.38,2425.2,14099.76,41718.57,3602.85,655.66,1286.24,13.14,323.25,0.94,3409.32
2007M07,69.46,6.22,2.16,2.59,2.13,929,854.52,2.67,0.68,2732.44,106.09,7972.57,3082.76,14737.84,33425.68,3545.58,665.38,1303.02,12.91,328.8,1.14,3364.03
2007M08,67.21,6.2,1.91,2.72,2.07,910,830.65,2.69,0.68,2515.77,121.89,7513.5,3119.46,15174.32,27652.27,3252.52,665.41,1263.61,12.33,327.5,1.23,3307.6
2007M09,73.25,6.1,1.93,2.82,2.13,930,851.63,2.69,0.69,2391.25,148.65,7648.98,3226.55,15023,29537.5,2881.4,712.65,1307.65,12.83,325,1.03,3302.92
2007M10,77.14,6.8,1.91,2.96,2.25,1010,926.2,2.67,0.71,2442.37,168.11,8008.44,3719.72,16071.3,31055.44,2975.33,754.6,1410.7,13.67,329.2,0.97,3280.16
2007M11,86.73,7.14,1.97,2.89,2.21,1131,998.57,2.72,0.73,2506.89,195.09,6966.71,3328.18,16691.82,30610.23,2541.32,806.25,1448.73,14.7,342,1.05,3348.08
2007M12,85.75,7.15,2.11,3.03,2.31,1153,1002.22,2.73,0.72,2381.69,190.12,6587.67,2596.03,16263.06,25991.94,2353.08,803.2,1492.9,14.3,360.67,0.93,3433.31
2008M01,87.17,8,2.2,3.08,2.38,1285,1122.15,2.77,0.73,2445.52,193.37,7061.02,2608.14,16337.27,27689.55,2340.11,889.6,1583.3,15.91,375.6,1.03,3438.78
2008M02,89.96,8.55,2.5,3.47,2.4,1382,1268.63,2.89,0.73,2776.93,186.12,7887.69,3079.88,17210,27955.48,2438.14,922.3,1999.67,17.57,464.75,1.05,3387.51
2008M03,96.78,9.4,2.73,3.3,2.26,1471,1377.22,3.01,0.77,3005.29,197.12,8439.29,3008.58,19803.95,31225.26,2511.47,968.43,2025.19,19.32,594,1.23,3348.3
2008M04,103.47,10.13,2.61,3.1,2.49,1443,1320.11,3.16,0.78,2959.27,195.95,8684.93,2822.75,21658.64,28763.18,2263.8,909.71,1988.41,17.5,907,1.23,3410.54
2008M05,118.95,11.23,2.68,3.13,2.48,1502,1326.45,3.51,0.77,2902.9,192.95,8382.75,2234.63,24062.25,25735,2182.1,888.66,2052.45,17.06,901.8,1.32,3485.76
2008M06,127.59,12.68,3,3.22,2.67,1551,1293.21,3.66,0.77,2957.86,183.93,8260.6,1863.05,22229.29,22549.05,1894.48,889.49,2039.24,16.97,757,1.41,3565.33
2008M07,131.22,11.15,2.97,3.25,2.76,1436,1213.48,3.93,0.78,3071.24,180.5,8414.04,1944.91,23139.35,20160.22,1852.37,939.77,1904.43,18.03,731.75,1.43,3654.88
2008M08,113.21,8.25,2.82,3.23,2.74,1193,963.57,3.84,0.74,2764.38,178.74,7634.7,1923.58,20026.25,18927.75,1723.28,839.03,1485.55,14.64,693.5,1.13,3704.49
2008M09,95.97,7.69,2.7,3.16,2.67,1110,826.02,3.56,0.71,2525.82,139.64,6990.86,1868.36,18368.86,17794.55,1735.48,829.93,1223.18,12.37,683.8,0.92,3748.63
2008M10,68.62,6.73,2.27,2.72,2.3,856,635.75,3.11,0.53,2121.41,88.67,4925.7,1480.11,14401.74,12139.78,1302.11,806.62,912.57,10.44,609.25,0.91,3804.36
2008M11,51.38,6.67,2.05,2.69,1.97,719,581.25,2.73,0.5,1852.43,64.95,3717,1291.1,13643.5,10701.5,1152.6,760.86,840.3,9.87,552,0.85,3740.82
2008M12,41,5.79,2.39,2.62,1.93,740,587.24,2.66,0.53,1490.43,69.98,3071.98,962.88,11240,9686.43,1100.57,816.09,839.7,10.29,531.8,0.76,3775.49
2009M01,44.97,5.24,2.63,2.83,2.19,734,658.55,2.64,0.52,1413.12,72.51,3220.69,1132.74,11372.86,11306.91,1187.41,858.69,947.41,11.27,580,0.78,3828.99
2009M02,43.14,4.52,2.65,2.85,2.14,673,655.66,2.54,0.5,1330.2,75.59,3314.73,1100.53,11039.25,10408.75,1112.08,943,1033.25,13.41,590.75,0.77,4097.5
2009M03,45.58,3.95,2.51,2.83,2.22,625,660.48,2.61,0.52,1335.84,64.07,3749.75,1238.91,10675.91,9696.36,1216.75,924.27,1081.77,13.12,588.25,0.85,4203.6
2009M04,50.18,3.5,2.56,2.97,2.51,747,799.7,2.64,0.52,1420.85,59.78,4406.55,1383.1,11743.5,11166,1378.85,890.2,1165.45,12.48,549.67,0.9,4191.18
2009M05,57.4,3.81,2.48,3.33,2.69,842.5,872.61,2.72,0.54,1460.45,62.69,4568.63,1440.16,13793.42,12634.74,1483.79,928.65,1128.67,13.98,533,0.89,4226.73
2009M06,69.21,3.8,2.7,3.3,2.78,747,788.57,2.74,0.55,1573.73,71.66,5013.96,1674.46,14985.68,14960.46,1557.27,945.67,1217.86,14.65,574.5,0.82,4245.09
2009M07,64.97,3.39,2.79,3.11,2.96,685,698.48,2.79,0.56,1667.96,83.95,5215.54,1678.61,14038.91,15984.57,1578.61,934.23,1162.26,13.36,572,0.72,4238.86
2009M08,71.32,3.15,2.96,3.3,2.99,747,746.05,2.8,0.56,1933.75,97.67,6165.3,1900.1,14869.75,19641.75,1821.68,949.38,1244.57,14.36,526.25,0.84,4272.56
2009M09,67.91,2.96,3.14,3.27,3.16,701,703.85,2.81,0.54,1834.11,80.71,6196.43,2204.55,14869.09,17473.18,1884.02,996.59,1288.7,16.39,518.75,1.03,4300.35
2009M10,73.28,4.02,3.37,3.41,3.03,706,724.66,2.75,0.49,1878.57,86.79,6287.98,2240.77,15008.86,18525.23,2071.59,1043.16,1332.77,17.24,493,1.15,4329.45
2009M11,77.63,3.69,3.38,3.36,3.06,729,763.33,2.83,0.5,1949.29,99.26,6675.6,2308.76,14942.38,16991.19,2193.38,1127.04,1400.62,17.82,542.75,1.15,4427.4
2009M12,75.49,5.37,3.5,3.49,2.97,768,821.81,2.88,0.49,2180.1,105.07,6981.71,2328.52,15546.91,17066.43,2375.95,1134.72,1437.48,17.64,591,1.01,4460.68
2010M01,76.64,5.81,3.53,3.5,2.9,784,830.88,3.02,0.48,2235.15,125.72,7386.25,2368.38,17714.75,18439.25,2434.45,1117.96,1557.9,17.75,568.8,1.09,4465.53
2010M02,73.56,5.34,3.28,3.48,2.85,798,830,3.21,0.46,2048.93,127.49,6848.18,2123.68,16361.75,18976,2156.9,1095.41,1520.35,15.87,535,0.98,4389.29
2010M03,77.37,4.29,3.09,3.63,2.62,921,862.83,3.4,0.45,2205.63,139.69,7462.83,2172.09,17549.35,22461.3,2275.07,1113.34,1599.43,17.11,502.2,0.95,4206.93
2010M04,83.09,4.01,3.22,3.73,2.77,940,862.71,3.66,0.45,2316.73,172.47,7745.08,2264.85,18683.5,26030.75,2366.68,1148.69,1710.5,18.06,466,0.99,4179.79
2010M05,76.87,4.16,3.18,3.82,2.8,932,855.31,3.58,0.42,2040.53,161.35,6837.68,1882.68,17566.05,22008.16,1968.37,1205.43,1624.86,18.43,451.33,1.05,4244.58
2010M06,73.98,4.79,3.23,4.21,2.72,993,825.68,3.33,0.41,1931.39,143.63,6499.3,1703.96,17319.77,19388.64,1742.84,1232.92,1553.23,18.45,440,1.2,4337.81
2010M07,72.65,4.63,3.23,4.48,2.86,1031,844.43,3.27,0.43,1988.27,126.36,6735.25,1836.98,18191.36,19517.5,1843.89,1192.97,1525.59,17.96,441.8,1.3,4381.85
2010M08,74.18,4.31,3.07,4.66,2.99,1170,943.73,3.41,0.43,2118.14,145.34,7283.95,2075.24,20754.76,21413.33,2044.57,1215.81,1540.59,18.39,452.75,1.14,4350.09
2010M09,75.27,3.9,2.88,4.91,3,1275,948.88,3.39,0.44,2162.34,140.63,7709.3,2184.23,22701.14,22643.41,2151.41,1270.98,1591.75,20.55,476.5,1.05,4358.35
2010M10,80.34,3.43,2.93,4.8,3.03,1412,1025.83,3.37,0.45,2346.57,148.48,8292.41,2379.67,26342.62,23807.38,2372.14,1342.02,1688.69,23.39,486,1.09,4357.49
2010M11,83.7,3.73,2.91,5.15,3.03,1512,1131.36,3.5,0.45,2333.07,156.1,8469.89,2376.73,25519.09,22909.32,2291.68,1369.89,1692.77,26.54,514.5,0.82,4372.18
2010M12,89.07,4.24,3.06,5.47,3.04,1715,1234.64,3.88,0.43,2350.67,163.1,9147.26,2412.93,26163.33,24111.19,2280.93,1390.55,1711.39,29.32,532,0.72,4354.81
2011M01,92.37,4.49,3.16,5.82,3.02,2038,1303.57,4.19,0.44,2439.53,179.18,9555.7,2601.65,27465.25,25646.25,2371.55,1360.46,1785.43,28.51,516.8,0.73,4370.78
2011M02,100.25,4.07,3.47,6.35,2.88,2256,1327.21,4.08,0.45,2508.18,187.18,9867.6,2586.68,31526,28252.25,2465.13,1374.68,1825.9,30.78,524,0.88,4317.07
2011M03,108.58,3.97,3.39,6.44,2.76,1925,1241.74,4.19,0.46,2555.5,169.36,9503.36,2624.02,30590.93,26710.35,2341.48,1423.26,1770.17,35.81,492.75,0.85,4537.68
2011M04,115.7,4.24,3.13,6.62,3.02,2089,1219.61,4.33,0.47,2678.11,179.33,9492.79,2701.17,32363.31,26408.33,2362.22,1480.89,1797.9,42.7,484.25,0.88,4606.99
2011M05,108.46,4.31,3.07,6.42,2.95,2097,1230.12,4.16,0.47,2596.45,177.05,8959.9,2428.32,28676.45,24236.73,2167.35,1512.58,1786.55,37.34,481.4,0.84,4431.15
2011M06,107.52,4.55,3.02,6.06,3.02,1803,1192.38,3.94,0.47,2557.76,170.88,9066.85,2524.99,25519.68,22420.93,2234.47,1529.36,1768.5,35.8,513.75,0.92,4389.71
2011M07,109.98,4.41,3.17,5.91,3.1,1662,1183.45,3.94,0.47,2525.43,172.98,9650.46,2681.02,27398.1,23847.95,2397.75,1572.75,1759.76,37.92,538.25,0.97,4458.57
2011M08,105.06,4.05,3.06,5.96,3.02,1454,1205.48,3.93,0.47,2379.35,177.5,9000.76,2397.28,24042.43,21845.09,2200.17,1759.01,1804.7,40.33,566,0.95,4569.36
2011M09,106,3.9,2.87,6.06,2.89,1305,1137.25,3.83,0.45,2293.46,177.23,8300.14,2287.67,22526.6,20377.59,2075.22,1772.14,1748.11,38.15,598.75,1.19,4595.3
2011M10,103.67,3.57,2.68,5.46,2.9,1208,1044.75,3.92,0.45,2180.65,150.43,7394.19,1960.38,21868.64,19039.05,1871.42,1666.43,1535.19,31.97,599.4,1.03,4582.76
2011M11,108.59,3.24,2.53,5.4,2.79,1479,1113.38,4.2,0.44,2079.98,135.54,7581.02,1994.22,21291.7,17873,1935.32,1739,1596.98,33.08,615.25,0.68,4522.58
2011M12,106.22,3.16,2.2,5.22,2.7,1445,1121.5,4.22,0.43,2022.25,136.39,7565.48,2022.35,19375.01,18266.76,1904.73,1639.97,1454.59,30.3,585.75,0.76,4438.68
2012M01,109.78,2.68,2.31,5.23,2.66,1451,1123.5,4.26,0.42,2144.2,140.26,8040.47,2096.16,21438.63,19854.77,1981.86,1654.05,1499.32,30.65,542,0.73,4414.58
2012M02,116.15,2.52,2.36,4.94,2.57,1411,1146.25,4.31,0.43,2207.92,140.4,8441.49,2121.26,24293.31,20393.67,2057.79,1744.82,1657.76,34.14,537.5,0.78,4417.53
2012M03,122.28,2.17,2.36,4.44,2.42,1338,1195.34,4.35,0.43,2184.16,144.66,8470.78,2056.69,22985.43,18660.81,2035.92,1675.95,1655.41,32.95,548,0.8,4379.01
2012M04,117.25,1.95,2.27,4.22,2.79,1348,1233.61,4.29,0.43,2049.67,147.64,8289.48,2071.07,22200.62,17939.79,2002.14,1649.2,1585.81,31.53,547.75,0.82,4354.08
2012M05,107.05,2.44,2.31,4.07,3,1155,1125,4.22,0.42,2007.63,136.61,7955.64,2012.82,20405.24,17068.19,1936,1589.04,1470.7,28.72,600.5,0.76,4355.23
2012M06,94.24,2.46,2.26,3.72,2.97,1058,1027.74,4.12,0.41,1890.18,134.66,7423.02,1854.15,19271.07,16549.14,1858.7,1598.76,1443.86,27.98,600,0.95,4282.97
2012M07,99.22,2.95,2.35,4.2,3.03,1070,1052.84,4.03,0.4,1876.25,127.94,7584.26,1881.48,18546.09,16128.41,1847.75,1594.29,1425.82,27.43,573.75,1.02,4191.42
2012M08,108.37,2.84,2.51,3.85,3.12,1001,1022.38,4.1,0.41,1845.38,107.5,7515.53,1900.62,18772.62,15735.21,1818.16,1630.31,1453.26,28.8,567.75,0.97,4207.93
2012M09,110.96,2.84,2.62,3.95,3.1,967,1001.38,4.06,0.42,2064.12,99.47,8087.74,2177.67,20771.26,17287.96,2009.85,1744.81,1623.65,33.61,563.25,1,4191.47
2012M10,108.73,3.32,2.46,3.82,3.01,898,886,4.07,0.42,1974.3,113.95,8062.03,2141.97,21233.7,17168.74,1903.96,1746.58,1635.83,33.19,558.25,0.98,4223.95
2012M11,107.13,3.54,2.48,3.53,3.02,848,863.18,4.29,0.42,1948.83,120.35,7711.23,2181.97,20713.07,16335.36,1912.4,1721.64,1576.36,32.77,559.25,0.85,4268.78
2012M12,105.69,3.34,2.41,3.37,3.08,785,843.55,4.37,0.43,2086.76,128.51,7966.49,2279.8,22880.89,17448.5,2040.43,1684.76,1582.25,31.87,557.8,0.76,4341.31
2013M01,107.58,3.33,2.28,3.47,3,828.64,884.52,4.36,0.43,2037.75,150.49,8047.36,2333.68,24545.9,17472.5,2032.2,1671.85,1638.89,31.06,564.2,0.75,4416.93
2013M02,111.09,3.33,2.2,3.3,2.93,853.25,919.58,4.35,0.44,2053.6,154.64,8060.93,2365.79,24211.74,17690.1,2128.69,1627.57,1674.55,30.33,563,0.82,4390.59
2013M03,105.42,3.81,2.15,3.3,2.9,818.75,891.5,4.29,0.42,1909.57,139.87,7645.58,2169.42,23296.52,16724.93,1926.07,1593.09,1582.95,28.79,559,0.91,4377.36
2013M04,101.66,4.17,2.29,3.3,2.89,791.43,874.17,4.27,0.43,1861.67,137.39,7234.28,2027.39,21662.25,15672.95,1856,1487.86,1493.07,25.36,557,0.98,4366.9
2013M05,100.31,4.04,2.34,3.24,2.95,822.5,879.47,4.1,0.42,1832.02,124.01,7249.41,2032.98,20775.83,14947.96,1831.55,1414.03,1475.17,23.04,543.5,1.06,4342.72
2013M06,100.33,3.83,2.28,3.05,2.84,890.63,876.88,3.93,0.43,1814.54,114.82,7000.24,2099.69,20267.4,14280.28,1839.01,1343.35,1430.23,21.11,524.25,1.16,4493.38
2013M07,103.36,3.62,2.31,3.05,2.83,860.43,827.09,3.94,0.43,1769.61,127.19,6906.64,2047.73,19563.83,13750.32,1837.62,1285.52,1401.48,19.71,509,1.12,4635.36
2013M08,106.96,3.43,2.48,2.98,2.78,892.61,819.29,3.95,0.43,1817.62,137.06,7192.92,2174.18,21644.43,14314.93,1898.82,1351.74,1496.09,21.89,478.75,1.19,4675.55
2013M09,108.4,3.62,2.62,2.92,2.75,985.24,826.25,3.99,0.44,1761.3,134.19,7159.27,2084.92,22735.07,13801.39,1846.88,1348.6,1456.86,22.56,444,1.12,4709.97
2013M10,106.3,3.67,2.73,2.84,2.8,985.65,859.66,4.04,0.45,1814.58,132.57,7203.02,2115.43,23101.59,14117.65,1884.84,1316.58,1413.48,21.92,439,1,4770.04
2013M11,105.85,3.62,2.76,2.69,2.78,1274.5,904.05,4.14,0.44,1747.96,136.32,7070.65,2089.56,22826.88,13684.01,1866.42,1275.86,1420.1,20.76,438,0.77,5051.89
2013M12,107.92,4.24,2.82,2.78,2.9,1270,886.25,4.18,0.45,1739.81,135.79,7214.9,2136.73,22762.13,13924.55,1974.98,1221.51,1355.67,19.67,451,0.74,4835.15
2014M01,104.01,4.7,2.82,2.93,2.87,1269.09,862.63,4.18,0.44,1727.41,128.12,7291.47,2143.17,22063.86,14101.25,2036.93,1244.27,1420.95,19.88,450,0.75,4924.33
2014M02,104.94,5.97,2.99,3.83,2.58,1364,904.34,4.28,0.45,1695.17,121.37,7149.21,2108.03,22820.67,14203.55,2034.53,1299.58,1409.53,20.85,459,0.77,5051.89
2014M03,104.15,4.88,3.04,4.72,2.5,1389.05,953.81,4.47,0.45,1705.37,111.83,6650.04,2053.08,23024.31,15678.1,2007.9,1336.08,1451.62,20.72,422,0.81,5083.59
2014M04,104.73,4.63,3.05,4.93,2.67,1356.13,926.63,4.35,0.45,1810.67,114.58,6673.56,2087.09,23405.2,17373.6,2027.21,1298.45,1430.33,19.74,395,0.85,5089.1
2014M05,105.6,4.56,3.03,4.72,2.87,1413.25,898.42,4.38,0.45,1751.05,100.56,6891.13,2097.32,23271.25,19401.08,2058.97,1288.74,1456.27,19.34,388,0.84,5117.56
2014M06,108.01,4.57,3.17,4.36,2.85,1393.25,861.88,4.54,0.44,1838.95,92.74,6821.14,2106.94,22762,18628.81,2128.1,1279.1,1452.76,19.89,397,0.83,4996.08
2014M07,105.76,4.01,3.2,4.34,2.96,1255.22,853.69,5.17,0.44,1948.3,96.05,7113.38,2193.24,22424.01,19117.65,2310.62,1310.59,1492.18,20.92,422,0.79,4991.26
2014M08,101.85,3.88,3.27,4.7,2.79,1187.62,778.69,5.79,0.43,2030.49,92.61,7001.84,2236.84,22231.05,18600.2,2326.99,1295.13,1446.33,19.74,445,0.77,4919.97
2014M09,96.99,3.92,3.21,4.64,2.64,1193.41,760.75,6.17,0.42,1990.43,82.38,6872.22,2117.24,21090.52,18034.8,2294.59,1236.55,1359.48,18.37,432,0.77,4923.77
2014M10,86.57,3.77,3.1,4.97,2.65,1148.7,764.4,5.95,0.41,1946.19,81.06,6737.48,2034.26,19830.41,15812.37,2276.83,1222.49,1259.76,17.16,428,0.73,4943.23
2014M11,76.73,4.1,2.91,4.62,2.65,1191.63,764.75,5.84,0.41,2055.55,73.73,6712.85,2030.18,20033.47,15807.05,2253.22,1175.33,1208.32,15.97,418,0.72,4922.28
2014M12,60.52,3.43,2.95,4.34,2.62,1212.14,719.64,5.46,0.4,1909.46,68.39,6446.45,1938.11,19829.71,15962.05,2175.76,1200.62,1215.32,16.3,418,0.77,4926.23
2015M01,45.98,2.97,2.92,4.19,2.61,1145.71,719.64,5.3,0.38,1814.72,68.23,5830.54,1843.13,19454.12,14849.19,2113.05,1250.75,1242.45,17.24,420,0.76,4922.86
2015M02,55.83,2.85,2.96,3.94,2.45,1160.5,723.04,4.88,0.37,1817.82,62.75,5729.27,1795.66,18233.91,14573.84,2097.76,1227.08,1197.16,16.79,420,0.7,4910.97
2015M03,54.91,2.8,2.88,3.54,2.41,1090.68,698.86,4.72,0.35,1773.86,58.05,5939.67,1792.47,17421.91,13755.5,2028.73,1178.63,1138.64,16.24,410,0.63,4961.57
2015M04,58.8,2.58,2.87,3.62,2.63,1077.5,682.75,4.82,0.35,1819.19,52.28,6042.09,2005.36,15900.88,12830.92,2212.72,1198.93,1151.29,16.34,399,0.61,4986.71
2015M05,63.69,2.84,3.1,3.49,2.89,1131.94,697.35,4.5,0.36,1804.04,60.3,6294.78,1991.78,15803.59,13511.34,2281.8,1198.63,1140.4,16.83,381,0.61,5018.01
2015M06,61.78,2.77,3.24,3.52,3,1123.64,705.91,4.44,0.37,1687.73,62.63,5833.01,1829.5,15064.94,12825.23,2082.09,1181.5,1088.82,16.08,376,0.63,4947.23
2015M07,56.25,2.83,3.33,3.41,3.1,1103.04,680,4.65,0.36,1639.5,52.39,5456.75,1763.04,15071.53,11413.1,2000.68,1128.31,1009.27,15.05,392,0.64,4878.08
2015M08,47.22,2.76,3.15,3.46,2.96,1032.38,601.38,4.77,0.36,1548.13,56.19,5127.3,1703.6,15163.77,10386,1807.64,1117.93,984.1,14.94,373,0.68,4925.58
2015M09,46.15,2.65,3.28,3.22,2.78,1051.59,599.5,4.58,0.37,1589.6,56.95,5217.25,1684.25,15453.34,9937.55,1720.23,1124.77,964.38,14.75,357,0.63,4887.36
2015M10,46.55,2.32,3.2,3.38,2.86,1104.09,636.67,4.24,0.37,1516.49,53.12,5216.09,1720.11,15794.61,10316.83,1724.34,1159.25,976.91,15.81,373,0.66,4858.43
2015M11,42.22,2.08,3.36,3.26,2.82,1071.07,608.21,4.03,0.35,1467.89,46.86,4799.9,1618.35,14745.29,9244.33,1583.31,1086.44,885.2,14.45,368,0.77,4813.09
2015M12,34.77,1.92,3.35,3.28,2.81,1150,607.38,3.8,0.36,1497.2,40.5,4638.83,1706.58,14691.69,8707.79,1527.79,1075.74,859.82,14.13,363,0.77,4789.65
2016M01,27,2.27,2.95,3.2,2.55,1152,611.63,3.63,0.35,1481.1,41.88,4471.79,1646.2,13808.08,8507.29,1520.36,1097.91,855.25,14.11,369,0.69,4729.23
2016M02,29.5,1.96,2.92,3.26,2.35,1218.93,679.17,3.86,0.36,1531.26,46.83,4598.62,1765.75,15610.14,8298.5,1709.85,1199.5,919.35,15.17,384,0.69,4666.74
2016M03,35.18,1.7,3.07,3.47,2.31,1440.48,715.95,4.03,0.36,1531.01,56.2,4953.8,1802.19,16897.6,8717.25,1801.69,1245.14,967.73,15.47,384,0.68,4568.8
2016M04,39.04,1.9,3.08,3.4,2.54,1580.95,775,3.96,0.37,1571.23,60.92,4872.74,1732.27,17032.71,8878.86,1855.37,1242.26,994.19,16.36,395,0.71,4617.58
2016M05,43.95,1.92,3.1,3.42,2.57,1439.5,753.42,4.04,0.37,1550.63,55.13,4694.54,1707.8,16706.95,8660.35,1869.03,1260.95,1035.86,16.95,433,0.76,4691.04
2016M06,45.83,2.57,3.12,3.65,2.65,1547.95,718.18,4.11,0.37,1593.51,51.98,4641.97,1712.77,16966.69,8928.35,2026.19,1276.4,984.14,17.29,441,0.88,4826.16
2016M07,42.62,2.79,3.05,3.79,2.77,1515,678.16,4.26,0.36,1629.05,57.26,4864.9,1834.79,17826.23,10262.86,2183.25,1336.66,1087.5,19.99,442,0.97,4877.84
2016M08,43.74,2.79,3.03,3.69,2.78,1575,771.02,4.24,0.37,1639.28,60.89,4751.67,1835.52,18427.02,10335.99,2279.14,1340.17,1121.65,19.59,415,0.96,4888.63
2016M09,43.74,2.97,2.88,3.89,2.79,1557.39,797.85,4.12,0.37,1592.36,57.79,4722.2,1947.64,19499.52,10191.78,2292.31,1326.61,1046.71,19.36,384,1.05,4976.06
2016M10,48.26,2.95,2.71,3.95,2.89,1473.57,749.75,4.04,0.36,1665.9,59.09,4731.26,2024.49,20099.76,10259.74,2311.5,1266.55,959.14,17.66,369,1.06,4944.64
2016M11,43.77,2.5,2.48,4.06,3.03,1553.41,766.93,4.3,0.35,1737.11,73.1,5450.93,2180.58,21126.09,11128.91,2566.2,1238.35,955.14,17.41,365,1.14,4922.63
2016M12,51.78,3.58,2.3,3.57,2.98,1727.14,811.38,4.14,0.34,1727.74,80.02,5660.35,2209.84,21204.35,10972.27,2664.81,1157.36,918.38,16.43,373,1.08,4964.82
2017M01,53.37,3.26,2.19,3.72,3.04,1818.64,825,4.07,0.35,1791.24,80.41,5754.56,2242.62,20691.79,9971.46,2714.8,1192.1,971.15,16.9,377,0.94,4962.57
2017M02,54.17,2.82,2.03,3.67,2.96,1688.25,808.61,4.23,0.35,1860.75,89.44,5940.91,2311.5,19446.47,10643.3,2845.55,1234.2,1007.63,17.93,367,0.9,4930.06
2017M03,51.16,2.87,2.06,3.53,2.87,1542.39,778.7,4.35,0.35,1901.47,87.65,5824.63,2280.92,19875.2,10204.66,2776.88,1231.42,962.87,17.63,370,0.92,4936.19
2017M04,52.45,3.08,1.96,3.43,3.03,1589.72,752.06,4.41,0.35,1921.22,70.22,5683.9,2220.61,19910.32,9609.28,2614.92,1266.88,960.84,18.03,380,0.85,4786.61
2017M05,50.31,3.12,1.98,3.31,3.2,1719.29,762.75,4.6,0.36,1913.02,62.43,5599.56,2125.11,20200.33,9155.12,2590.21,1246.04,930.27,16.75,421,0.76,4641.94
2017M06,46.44,2.94,2,3.16,3.24,1869.76,735.14,4.68,0.37,1885.29,57.48,5719.76,2132.93,19658.84,8931.76,2573.4,1260.26,930.73,16.93,458,0.72,4571.81
2017M07,47.63,2.96,1.99,3.3,3.23,1644.05,720.48,4.67,0.38,1902.96,67.74,5985.12,2269.86,20223.48,9491.39,2787.19,1236.84,918.9,16.15,417,0.7,4564.32
2017M08,50.43,2.88,1.99,3.3,3.26,1845,717.95,4.47,0.39,2030.01,76.07,6485.63,2348.47,20521,10889.98,2980.73,1283.04,972.7,16.95,393,0.72,4503.83
2017M09,53.86,2.96,2,3.23,3.28,1600.95,755.28,4.3,0.39,2096.49,71.53,6577.17,2374.39,20796.62,11215.79,3116.86,1314.07,964.1,17.43,402,0.79,4445.65
2017M10,55.58,2.87,2.1,3.1,3.29,1484.77,746.79,4.25,0.38,2131.49,61.66,6807.6,2498.22,20376.09,11335.77,3264.6,1279.51,921,16.94,394,0.82,4543.8
2017M11,60.58,2.99,2.13,3.11,3.23,1554.32,728.86,4.33,0.38,2097.44,64.24,6826.55,2461.43,19557.52,11972,3229.31,1281.9,934.05,16.98,402,0.86,4619.13
2017M12,61.41,2.76,1.92,3.03,3.13,1450.66,679.17,4.28,0.39,2080.47,72.25,6833.89,2509.92,19476.37,11495.11,3195.95,1264.45,907.2,16.17,406,0.77,4646.22
2018M01,66.02,3.88,1.95,3.06,3.1,1393.86,703.45,4.3,0.4,2209.73,76.34,7065.85,2584.09,20696.91,12864.88,3441.52,1331.3,990.12,17.13,442,0.76,4658.24
2018M02,62.79,2.67,2.12,3,3,1244.25,709.44,4.35,0.4,2181.79,77.46,7006.52,2581.06,21651.55,13595.88,3532.9,1330.73,987.26,16.58,425,0.78,4636.94
2018M03,63.29,2.69,2.5,2.98,2.84,1118.63,706.19,4.44,0.4,2069.24,70.35,6799.18,2390,21211.94,13392.5,3269.18,1324.66,954.57,16.47,430,0.74,4735.47
2018M04,68.43,2.76,2.62,2.96,2.95,1131.18,701.18,4.38,0.4,2254.69,65.75,6851.51,2352.41,21291.1,13938.1,3188.05,1334.76,924.05,16.65,451,0.76,4836.12
2018M05,73.66,2.78,2.66,2.99,3.02,1027.75,687.15,4.32,0.39,2299.67,66.1,6825.27,2360.93,20858.83,14366.49,3059.87,1303.45,904.73,16.49,451,0.88,4900.88
2018M06,73.22,2.94,2.41,2.95,2.88,931.19,656.5,4.24,0.38,2237.62,65.04,6965.86,2436.29,20660.52,15105.65,3088.57,1281.57,884.9,16.54,427,0.84,4926.81
2018M07,72.72,2.8,2.36,2.88,2.89,916.25,616.14,4.19,0.38,2082.24,64.56,6250.75,2207.02,19729.8,13793.86,2656.13,1237.71,832,15.72,398,0.89,4921.62
2018M08,72.13,2.96,2.17,2.76,2.77,915.22,614.75,4.11,0.38,2051.51,67.15,6051.05,2053.53,19228.77,13411.35,2512,1201.71,804.91,14.99,405,0.84,4977.93
2018M09,77.02,3,2.19,2.67,2.67,897.13,605.15,4.01,0.38,2026.46,68.44,6050.76,2022.91,18967.13,12510.35,2434.68,1198.39,804.79,14.27,405,0.8,4969.21
2018M10,78.96,3.29,2.13,3.03,2.74,831.39,590.32,3.86,0.38,2029.86,73.41,6219.59,1987.55,19121.48,12314.91,2673.67,1215.39,829.87,14.6,409,0.75,4935.56
2018M11,65.11,4.14,2.19,3.02,2.7,759.26,539.1,3.95,0.37,1938.51,73.26,6195.92,1937.11,19064.86,11239.72,2595.69,1220.65,846.19,14.35,401,0.73,4936.98
2018M12,56.47,3.95,2.21,2.8,2.62,796.27,535.02,4.19,0.37,1920.38,69.15,6075.32,1972.32,19259.58,10835.08,2616.29,1250.4,791.16,14.77,404,0.72,4919.17
2019M01,58.96,3.08,2.26,2.83,2.54,773.07,584.58,4.24,0.37,1853.72,76.16,5939.1,1997.14,20457.75,11523.09,2569.7,1291.75,806.77,15.62,410,0.64,4805.38
2019M02,64.32,2.72,2.26,2.83,2.38,710.43,602.97,4.28,0.37,1862.99,88.22,6300.49,2062.79,21263.95,12685.23,2707.19,1320.07,818.15,15.82,408,0.63,4781.58
2019M03,66.8,2.94,2.2,2.73,2.38,678.56,573.02,4.48,0.37,1871.21,86.47,6439.46,2046.46,21393.4,13026.27,2850.6,1300.9,842.81,15.3,406,0.65,4731.46
2019M04,70.66,2.65,2.33,2.67,2.65,668.63,588.45,4.7,0.37,1845.42,93.7,6438.36,1938.99,20604.3,12772.79,2932.65,1285.91,887.29,15.06,413,0.57,4671.82
2019M05,69.13,2.63,2.32,2.66,2.73,661.17,563.2,4.6,0.37,1781.26,100.15,6017.9,1815.19,19523.9,12016.31,2742.81,1283.7,833.55,14.66,409,0.52,4649.53
2019M06,61.3,2.4,2.41,2.86,2.57,635.6,552.19,4.63,0.37,1755.95,108.94,5882.23,1899.7,19193.2,11943.94,2601.22,1359.04,808.2,15.04,420,0.54,4906.68
2019M07,62.91,2.36,2.42,2.99,2.63,657.31,543.88,4.63,0.37,1796.99,120.24,5941.2,1975.64,17977.85,13546.3,2446.51,1412.89,843.95,15.79,416,0.54,4904.57
